,Stock1,Stock2
0,ABMD,ILMN
1,ACN,BLK
2,ACN,CMI
3,ACN,INTU
4,ACN,ISRG
5,ACN,LH
6,ACN,LIN
7,ACN,MA
8,ACN,WLTW
9,ADBE,APD
10,ADBE,CHTR
11,ADBE,HUM
12,ADBE,WST
13,APD,BIO
14,APD,DHR
15,APD,FB
16,APD,NFLX
17,APD,NVDA
18,APD,ROP
19,APD,CRM
20,ALGN,NSC
21,ALGN,URI
22,ALGN,ZBRA
23,AMT,AMGN
24,AMT,BA
25,AMT,DXCM
26,AMT,ESS
27,AMT,FLT
28,AMT,HUM
29,AMT,REGN
30,AMT,VRTX
31,AMGN,HUM
32,AMGN,MA
33,AMGN,MCO
34,ANSS,BIO
35,ANSS,CHTR
36,ANSS,ROK
37,ANSS,TMO
38,ANSS,TYL
39,ANTM,AON
40,ANTM,DE
41,ANTM,EL
42,ANTM,GS
43,ANTM,LH
44,ANTM,NSC
45,ANTM,SIVB
46,ANTM,URI
47,ANTM,WAT
48,ANTM,WLTW
49,AON,DE
50,AON,EL
51,AON,GS
52,AON,KLAC
53,AON,LH
54,AON,LRCX
55,AON,NSC
56,AON,PH
57,AON,SIVB
58,AON,TDY
59,AON,TDG
60,AON,URI
61,AON,V
62,AON,WAT
63,AON,ZBRA
64,ANET,STZ
65,ANET,WAT
66,ADSK,ROK
67,ADSK,SNPS
68,ADSK,TMO
69,ADSK,UNH
70,BDX,BIO
71,BDX,BIIB
72,BDX,BLK
73,BDX,BA
74,BDX,AVGO
75,BDX,CHTR
76,BDX,CI
77,BDX,CTAS
78,BDX,STZ
79,BDX,COO
80,BDX,COST
81,BDX,CMI
82,BDX,DHR
83,BDX,DE
84,BDX,DXCM
85,BDX,DPZ
86,BDX,ECL
87,BDX,EQIX
88,BDX,ESS
89,BDX,EL
90,BDX,RE
91,BDX,FB
92,BDX,FDX
93,BDX,FLT
94,BDX,GS
95,BDX,GWW
96,BDX,HD
97,BDX,HUM
98,BDX,HII
99,BDX,IDXX
100,BDX,ILMN
101,BDX,INTU
102,BDX,ISRG
103,BDX,KLAC
104,BDX,LHX
105,BDX,LH
106,BDX,LRCX
107,BDX,LIN
108,BDX,LMT
109,BDX,MKTX
110,BDX,MLM
111,BDX,MA
112,BDX,MCD
113,BDX,MSFT
114,BDX,MPWR
115,BDX,MCO
116,BDX,MSCI
117,BDX,NFLX
118,BDX,NSC
119,BDX,NOC
120,BDX,NVDA
121,BDX,ORLY
122,BDX,PH
123,BDX,PAYC
124,BDX,POOL
125,BDX,PSA
126,BDX,REGN
127,BDX,ROK
128,BDX,ROP
129,BDX,SPGI
130,BDX,CRM
131,BDX,SBAC
132,BDX,NOW
133,BDX,SHW
134,BDX,SYK
135,BDX,SIVB
136,BDX,SNPS
137,BDX,TDY
138,BDX,TFX
139,BDX,TSLA
140,BDX,TMO
141,BDX,TDG
142,BDX,TYL
143,BDX,ULTA
144,BDX,UNH
145,BDX,URI
146,BDX,VRSN
147,BDX,VRTX
148,BDX,V
149,BDX,WAT
150,BDX,WST
151,BDX,ZBRA
152,BIO,CHTR
153,BIO,COST
154,BIO,FB
155,BIO,MSFT
156,BIO,MPWR
157,BIO,NVDA
158,BIO,ROK
159,BIO,NOW
160,BIO,SNPS
161,BIO,UNH
162,BIO,WST
163,BA,EQIX
164,BA,SBAC
165,AVGO,CMI
166,AVGO,EL
167,AVGO,INTU
168,AVGO,ZBRA
169,CHTR,COST
170,CHTR,DHR
171,CHTR,FB
172,CHTR,MSFT
173,CHTR,NVDA
174,CHTR,ROK
175,CI,TDY
176,CI,WAT
177,CTAS,FB
178,CTAS,ISRG
179,STZ,EL
180,STZ,GS
181,STZ,LH
182,STZ,MLM
183,STZ,SYK
184,STZ,SIVB
185,STZ,WAT
186,COO,DE
187,COO,NSC
188,COO,SIVB
189,COST,FB
190,COST,GWW
191,COST,ISRG
192,COST,ROK
193,COST,SHW
194,CMI,IDXX
195,CMI,INTU
196,DHR,FB
197,DHR,ISRG
198,DHR,POOL
199,DHR,UNH
200,DE,EL
201,DE,LH
202,DE,NSC
203,DE,SIVB
204,DE,URI
205,DXCM,DPZ
206,DPZ,EQIX
207,DPZ,NFLX
208,DPZ,SBAC
209,ECL,EL
210,ECL,FB
211,ECL,FDX
212,ECL,GWW
213,ECL,HD
214,ECL,IDXX
215,ECL,INTU
216,ECL,LH
217,ECL,LIN
218,ECL,MA
219,ECL,MCO
220,ECL,NSC
221,ECL,PH
222,ECL,POOL
223,ECL,ROP
224,ECL,SHW
225,ECL,SIVB
226,ECL,TSLA
227,ECL,URI
228,ECL,V
229,ECL,ZBRA
230,ESS,FLT
231,ESS,SBAC
232,EL,INTU
233,EL,LH
234,EL,NSC
235,EL,PH
236,EL,SIVB
237,EL,URI
238,EL,WAT
239,EL,WLTW
240,EL,ZBRA
241,RE,FLT
242,FB,HD
243,FB,ISRG
244,FB,LIN
245,FB,MA
246,FB,POOL
247,FB,SHW
248,FB,UNH
249,FB,V
250,FB,WST
251,FLT,LHX
252,FLT,SBAC
253,FLT,VRTX
254,GS,WAT
255,GWW,ISRG
256,GWW,SHW
257,HD,MA
258,HD,POOL
259,HUM,MSFT
260,HUM,MCO
261,HUM,ROK
262,IDXX,INTU
263,ILMN,KLAC
264,INTU,LH
265,INTU,NSC
266,INTU,PH
267,INTU,TSLA
268,INTU,URI
269,ISRG,LIN
270,ISRG,POOL
271,ISRG,SHW
272,ISRG,TSLA
273,ISRG,TMO
274,ISRG,URI
275,ISRG,V
276,KLAC,ZBRA
277,LH,NSC
278,LH,PH
279,LH,SIVB
280,LH,URI
281,LH,V
282,LH,WAT
283,LH,WLTW
284,LH,ZBRA
285,LRCX,UNH
286,LRCX,ZBRA
287,LIN,MA
288,LIN,NSC
289,LIN,POOL
290,LIN,V
291,LMT,MKTX
292,LMT,MLM
293,LMT,MSFT
294,LMT,MPWR
295,LMT,MSCI
296,LMT,NFLX
297,LMT,NSC
298,LMT,NVDA
299,LMT,ORLY
300,LMT,PH
301,LMT,PAYC
302,LMT,POOL
303,LMT,PSA
304,LMT,REGN
305,LMT,ROK
306,LMT,CRM
307,LMT,NOW
308,LMT,SHW
309,LMT,SIVB
310,LMT,SNPS
311,LMT,TSLA
312,LMT,TMO
313,LMT,TYL
314,LMT,ULTA
315,LMT,UNH
316,LMT,URI
317,LMT,VRTX
318,LMT,WAT
319,LMT,WST
320,LMT,ZBRA
321,MLM,SYK
322,MLM,WAT
323,MA,MSFT
324,MA,MPWR
325,MA,MCO
326,MA,ORLY
327,MA,POOL
328,MA,ROK
329,MA,SHW
330,MA,SNPS
331,MA,V
332,MSFT,MSCI
333,MSFT,ROK
334,MPWR,SNPS
335,MPWR,TSLA
336,NSC,URI
337,NVDA,WST
338,PAYC,TMO
339,REGN,SBAC
340,ROK,TYL
341,ROK,V
342,ROP,SPGI
343,CRM,TMO
344,NOW,TMO
345,SYK,WAT
346,SIVB,WAT
347,SNPS,TSLA
348,SNPS,TMO
349,TDY,ZBRA
350,TFX,TSLA
351,TFX,UNH
352,TFX,URI
353,TFX,V
354,TFX,WAT
355,TFX,WLTW
356,TFX,ZBRA
357,UNH,V
358,URI,ZBRA
359,VRSN,VRTX
360,VRSN,WAT
361,VRSN,WST
362,VRSN,ZBRA
363,V,WST
364,V,WLTW
365,V,ZBRA
366,MMM,AAP
367,MMM,AME
368,MMM,BR
369,MMM,CZR
370,MMM,KMX
371,MMM,CDW
372,MMM,CMCSA
373,MMM,GLW
374,MMM,CSX
375,MMM,DOW
376,MMM,EXPD
377,MMM,EXR
378,MMM,GPS
379,MMM,GPC
380,MMM,HCA
381,MMM,INFO
382,MMM,IP
383,MMM,IPG
384,MMM,IQV
385,MMM,IRM
386,MMM,J
387,MMM,JCI
388,MMM,LKQ
389,MMM,MAA
390,MMM,MDLZ
391,MMM,NWS
392,MMM,ORCL
393,MMM,PM
394,MMM,PPG
395,MMM,PTC
396,MMM,PHM
397,MMM,RSG
398,MMM,RHI
399,MMM,SNA
400,MMM,SWK
401,MMM,SBUX
402,MMM,TEL
403,MMM,VMC
404,MMM,DIS
405,MMM,WM
406,MMM,WY
407,ABT,A
408,ABT,ABC
409,ABT,BBY
410,ABT,CDNS
411,ABT,CTLT
412,ABT,ETSY
413,ABT,GNRC
414,ABT,ICE
415,ABT,IPGP
416,ABT,MXIM
417,ABT,MCK
418,ABT,MNST
419,ABT,PYPL
420,ABT,PENN
421,ABT,QRVO
422,ABT,SWKS
423,ABT,TGT
424,ABT,TER
425,ABT,TXN
426,ABT,TSCO
427,ABT,TRMB
428,ABT,UNP
429,ABBV,ABC
430,ABBV,CAH
431,ABBV,JNJ
432,ABBV,QRVO
433,ABBV,TER
434,ATVI,ABC
435,ATVI,CAG
436,ATVI,FAST
437,ATVI,PLD
438,ATVI,SWKS
439,ATVI,TMUS
440,AMD,AWK
441,AMD,CAG
442,AMD,NEE
443,AMD,RMD
444,AAP,BWA
445,AAP,DOW
446,AAP,GPC
447,AAP,HBI
448,AAP,SEE
449,AAP,VMC
450,AAP,WHR
451,AES,CMCSA
452,AES,IR
453,AES,NWL
454,AES,PM
455,AES,TEL
456,AES,TJX
457,AFL,ALK
458,AFL,CMA
459,AFL,DVN
460,AFL,EXC
461,AFL,HIG
462,AFL,HPE
463,AFL,HST
464,AFL,LNC
465,AFL,MTB
466,AFL,PXD
467,AFL,USB
468,AFL,UAA
469,AFL,UA
470,AFL,UNM
471,AFL,WBA
472,A,ABC
473,A,DRE
474,A,ETN
475,A,INFO
476,A,ITW
477,A,ICE
478,A,MCK
479,A,PLD
480,A,QRVO
481,A,TGT
482,A,TER
483,AKAM,AAL
484,AKAM,AVB
485,AKAM,BXP
486,AKAM,CPB
487,AKAM,CCL
488,AKAM,CARR
489,AKAM,CBOE
490,AKAM,CLX
491,AKAM,CAG
492,AKAM,CCI
493,AKAM,DLR
494,AKAM,DG
495,AKAM,EBAY
496,AKAM,EQR
497,AKAM,FAST
498,AKAM,FE
499,AKAM,GIS
500,AKAM,HRL
501,AKAM,KMI
502,AKAM,KR
503,AKAM,NEM
504,AKAM,NI
505,AKAM,NLOK
506,AKAM,NCLH
507,AKAM,NOV
508,AKAM,OXY
509,AKAM,OKE
510,AKAM,OTIS
511,AKAM,PLD
512,AKAM,RMD
513,AKAM,ROL
514,AKAM,UAL
515,AKAM,VNO
516,AKAM,XEL
517,AKAM,ZTS
518,ALK,BK
519,ALK,HAL
520,ALK,HIG
521,ALK,PEAK
522,ALK,HPE
523,ALK,HST
524,ALK,KIM
525,ALK,MTB
526,ALK,MPC
527,ALK,PXD
528,ALK,USB
529,ALK,UHS
530,ALK,WYNN
531,ALB,ALXN
532,ALB,ADI
533,ALB,CTVA
534,ALB,MXIM
535,ALB,MCK
536,ALB,PTC
537,ALB,TXN
538,ALB,TRMB
539,ARE,AMCR
540,ARE,ABC
541,ARE,AAPL
542,ARE,ADM
543,ARE,AJG
544,ARE,BBY
545,ARE,CAH
546,ARE,CPRT
547,ARE,DHI
548,ARE,DVA
549,ARE,DOV
550,ARE,ETN
551,ARE,EA
552,ARE,EMR
553,ARE,EFX
554,ARE,FAST
555,ARE,FIS
556,ARE,FRC
557,ARE,FMC
558,ARE,FTNT
559,ARE,FBHS
560,ARE,GRMN
561,ARE,GNRC
562,ARE,INFO
563,ARE,ITW
564,ARE,ICE
565,ARE,JBHT
566,ARE,KSU
567,ARE,KHC
568,ARE,KR
569,ARE,LEN
570,ARE,LOW
571,ARE,MMC
572,ARE,MAS
573,ARE,MXIM
574,ARE,MCK
575,ARE,MNST
576,ARE,NDAQ
577,ARE,ODFL
578,ARE,ORCL
579,ARE,OTIS
580,ARE,PCAR
581,ARE,PKG
582,ARE,PNR
583,ARE,PEP
584,ARE,PLD
585,ARE,QRVO
586,ARE,DGX
587,ARE,RMD
588,ARE,SWKS
589,ARE,STT
590,ARE,TROW
591,ARE,TGT
592,ARE,TER
593,ARE,TXN
594,ARE,UNP
595,ARE,ZTS
596,ALXN,AMP
597,ALXN,AME
598,ALXN,ADI
599,ALXN,AVY
600,ALXN,BR
601,ALXN,CAT
602,ALXN,CTVA
603,ALXN,CSX
604,ALXN,DOW
605,ALXN,EMN
606,ALXN,FFIV
607,ALXN,FRC
608,ALXN,FCX
609,ALXN,GM
610,ALXN,HON
611,ALXN,HPQ
612,ALXN,IEX
613,ALXN,IR
614,ALXN,ICE
615,ALXN,IP
616,ALXN,IQV
617,ALXN,LB
618,ALXN,MXIM
619,ALXN,MS
620,ALXN,NWSA
621,ALXN,NWS
622,ALXN,ORCL
623,ALXN,PKG
624,ALXN,PTC
625,ALXN,PWR
626,ALXN,RHI
627,ALXN,SBUX
628,ALXN,TROW
629,ALXN,TXN
630,ALXN,TJX
631,ALXN,TT
632,ALXN,TRMB
633,ALXN,DIS
634,ALLE,ALL
635,ALLE,BAC
636,ALLE,LUMN
637,ALLE,NTRS
638,ALLE,PM
639,ALLE,TJX
640,LNT,AMP
641,LNT,AME
642,LNT,AOS
643,LNT,AMAT
644,LNT,ADM
645,LNT,AJG
646,LNT,AIZ
647,LNT,AVY
648,LNT,BAC
649,LNT,BWA
650,LNT,COG
651,LNT,CZR
652,LNT,COF
653,LNT,CAT
654,LNT,CDW
655,LNT,CE
656,LNT,SCHW
657,LNT,CMS
658,LNT,CMCSA
659,LNT,CPRT
660,LNT,GLW
661,LNT,CTVA
662,LNT,CVS
663,LNT,DOV
664,LNT,DOW
665,LNT,ETN
666,LNT,EW
667,LNT,EFX
668,LNT,EXPD
669,LNT,FIS
670,LNT,FISV
671,LNT,FTNT
672,LNT,FBHS
673,LNT,FCX
674,LNT,GPS
675,LNT,IT
676,LNT,GNRC
677,LNT,GPC
678,LNT,GPN
679,LNT,HPQ
680,LNT,ITW
681,LNT,IP
682,LNT,IPG
683,LNT,JBHT
684,LNT,KSU
685,LNT,LEG
686,LNT,LKQ
687,LNT,LOW
688,LNT,LYB
689,LNT,MMC
690,LNT,NWL
691,LNT,NWSA
692,LNT,NWS
693,LNT,NTRS
694,LNT,NUE
695,LNT,NXPI
696,LNT,ODFL
697,LNT,ORCL
698,LNT,OTIS
699,LNT,PKG
700,LNT,PNR
701,LNT,PM
702,LNT,PPG
703,LNT,PHM
704,LNT,PWR
705,LNT,RJF
706,LNT,RSG
707,LNT,RHI
708,LNT,STX
709,LNT,SNA
710,LNT,STT
711,LNT,TROW
712,LNT,TGT
713,LNT,UNP
714,LNT,UPS
715,LNT,VZ
716,LNT,WU
717,LNT,WRK
718,ALL,ADP
719,ALL,BAC
720,ALL,BK
721,ALL,COF
722,ALL,CBRE
723,ALL,SCHW
724,ALL,CFG
725,ALL,DFS
726,ALL,FITB
727,ALL,GE
728,ALL,HPE
729,ALL,HWM
730,ALL,IVZ
731,ALL,IRM
732,ALL,JPM
733,ALL,KEY
734,ALL,LUMN
735,ALL,MET
736,ALL,MAA
737,ALL,MHK
738,ALL,NTAP
739,ALL,NTRS
740,ALL,NUE
741,ALL,PBCT
742,ALL,PNC
743,ALL,RL
744,ALL,RF
745,ALL,ROST
746,ALL,STX
747,ALL,SNA
748,ALL,SYF
749,ALL,TPR
750,ALL,WDC
751,ALL,ZION
752,MO,AXP
753,MO,BAC
754,MO,XRAY
755,MO,FITB
756,MO,FOXA
757,MO,IT
758,MO,IRM
759,MO,MET
760,MO,MGM
761,MO,MHK
762,MO,MOS
763,MO,NTAP
764,MO,PXD
765,MO,TFC
766,MO,ZION
767,AMCR,AME
768,AMCR,APH
769,AMCR,ADM
770,AMCR,AJG
771,AMCR,BBY
772,AMCR,BR
773,AMCR,CHRW
774,AMCR,CTSH
775,AMCR,CL
776,AMCR,CMCSA
777,AMCR,GLW
778,AMCR,CSX
779,AMCR,DRE
780,AMCR,EMN
781,AMCR,EXPD
782,AMCR,FBHS
783,AMCR,HOLX
784,AMCR,IEX
785,AMCR,INFO
786,AMCR,ITW
787,AMCR,IQV
788,AMCR,LOW
789,AMCR,MXIM
790,AMCR,MDLZ
791,AMCR,MNST
792,AMCR,PNR
793,AMCR,PKI
794,AMCR,PGR
795,AMCR,PTC
796,AMCR,DGX
797,AMCR,STE
798,AMCR,TXN
799,AMCR,TSCO
800,AMCR,UNP
801,AMCR,UPS
802,AEE,AOS
803,AEE,ADM
804,AEE,AJG
805,AEE,AVY
806,AEE,BBY
807,AEE,CZR
808,AEE,CAT
809,AEE,CMCSA
810,AEE,GLW
811,AEE,CTVA
812,AEE,DHI
813,AEE,DVA
814,AEE,DOV
815,AEE,ETN
816,AEE,EW
817,AEE,EFX
818,AEE,EXPD
819,AEE,FAST
820,AEE,FIS
821,AEE,FBHS
822,AEE,FCX
823,AEE,GPS
824,AEE,GRMN
825,AEE,GNRC
826,AEE,GPC
827,AEE,ITW
828,AEE,JBHT
829,AEE,SJM
830,AEE,JNJ
831,AEE,KSU
832,AEE,KHC
833,AEE,LB
834,AEE,LEN
835,AEE,LOW
836,AEE,MMC
837,AEE,MAS
838,AEE,MDLZ
839,AEE,MS
840,AEE,NWSA
841,AEE,NWS
842,AEE,ODFL
843,AEE,PKG
844,AEE,PNR
845,AEE,PM
846,AEE,PPG
847,AEE,PHM
848,AEE,PWR
849,AEE,RSG
850,AEE,RHI
851,AEE,STX
852,AEE,SNA
853,AEE,TGT
854,AEE,TXN
855,AEE,TT
856,AEE,UNP
857,AEE,UPS
858,AEE,VZ
859,AEE,WRK
860,AEE,WHR
861,AEE,XYL
862,AAL,APA
863,AAL,AVB
864,AAL,BXP
865,AAL,CCL
866,AAL,CBOE
867,AAL,CVX
868,AAL,DAL
869,AAL,FRT
870,AAL,HFC
871,AAL,KMI
872,AAL,MRO
873,AAL,NCLH
874,AAL,NOV
875,AAL,OXY
876,AAL,OKE
877,AAL,REG
878,AAL,SLB
879,AAL,SPG
880,AAL,UDR
881,AAL,UAL
882,AAL,VNO
883,AAL,WFC
884,AAL,WELL
885,AEP,AIG
886,AEP,APA
887,AEP,T
888,AEP,ATO
889,AEP,AVB
890,AEP,BXP
891,AEP,BSX
892,AEP,CDNS
893,AEP,CCL
894,AEP,CTLT
895,AEP,CBOE
896,AEP,CNP
897,AEP,C
898,AEP,CTXS
899,AEP,CLX
900,AEP,CME
901,AEP,CAG
902,AEP,COP
903,AEP,ED
904,AEP,DAL
905,AEP,DVN
906,AEP,FANG
907,AEP,DLR
908,AEP,DG
909,AEP,EBAY
910,AEP,EIX
911,AEP,EA
912,AEP,ETR
913,AEP,EOG
914,AEP,EQR
915,AEP,ETSY
916,AEP,XOM
917,AEP,FRT
918,AEP,FOXA
919,AEP,FOX
920,AEP,GIS
921,AEP,HAL
922,AEP,HES
923,AEP,HPE
924,AEP,HFC
925,AEP,HRL
926,AEP,HST
927,AEP,HWM
928,AEP,INCY
929,AEP,JKHY
930,AEP,KIM
931,AEP,KMI
932,AEP,LVS
933,AEP,MTB
934,AEP,MRO
935,AEP,MPC
936,AEP,MRK
937,AEP,TAP
938,AEP,NEM
939,AEP,NLOK
940,AEP,NCLH
941,AEP,NOV
942,AEP,OXY
943,AEP,OMC
944,AEP,OKE
945,AEP,PSX
946,AEP,PPL
947,AEP,RTX
948,AEP,O
949,AEP,REG
950,AEP,ROL
951,AEP,RCL
952,AEP,SLB
953,AEP,SRE
954,AEP,SPG
955,AEP,LUV
956,AEP,TSN
957,AEP,UDR
958,AEP,UAL
959,AEP,VLO
960,AEP,VFC
961,AEP,VNO
962,AEP,WMT
963,AEP,WBA
964,AEP,WFC
965,AEP,WELL
966,AXP,ADP
967,AXP,COF
968,AXP,CFG
969,AXP,XRAY
970,AXP,FITB
971,AXP,IT
972,AXP,IVZ
973,AXP,KEY
974,AXP,MET
975,AXP,MHK
976,AXP,MSI
977,AXP,NTAP
978,AXP,NLSN
979,AXP,PXD
980,AXP,PNC
981,AXP,RL
982,AXP,ROST
983,AXP,TXT
984,AIG,HST
985,AIG,REG
986,AIG,SPG
987,AIG,WELL
988,AWK,AAPL
989,AWK,BLL
990,AWK,BBY
991,AWK,CDNS
992,AWK,CTLT
993,AWK,CL
994,AWK,CAG
995,AWK,CPRT
996,AWK,DVA
997,AWK,DG
998,AWK,ENPH
999,AWK,ETSY
1000,AWK,FAST
1001,AWK,FE
1002,AWK,FMC
1003,AWK,FBHS
1004,AWK,GNRC
1005,AWK,HOLX
1006,AWK,ITW
1007,AWK,JBHT
1008,AWK,LOW
1009,AWK,MAS
1010,AWK,MCK
1011,AWK,MNST
1012,AWK,NEE
1013,AWK,NKE
1014,AWK,ODFL
1015,AWK,PYPL
1016,AWK,PENN
1017,AWK,PEP
1018,AWK,PKI
1019,AWK,QRVO
1020,AWK,QCOM
1021,AWK,DGX
1022,AWK,RMD
1023,AWK,ROL
1024,AWK,SWKS
1025,AWK,STE
1026,AWK,TMUS
1027,AWK,TROW
1028,AWK,TTWO
1029,AWK,TGT
1030,AWK,TER
1031,AWK,UNP
1032,AWK,UPS
1033,AWK,WMT
1034,AWK,ZTS
1035,AMP,AVY
1036,AMP,CAT
1037,AMP,DOV
1038,AMP,FCX
1039,AMP,NWSA
1040,AMP,NWS
1041,AMP,PM
1042,ABC,AJG
1043,ABC,CAG
1044,ABC,DRE
1045,ABC,ETN
1046,ABC,EA
1047,ABC,EFX
1048,ABC,EXPD
1049,ABC,FAST
1050,ABC,FTNT
1051,ABC,GRMN
1052,ABC,GNRC
1053,ABC,INFO
1054,ABC,ICE
1055,ABC,SJM
1056,ABC,JNJ
1057,ABC,KHC
1058,ABC,LEN
1059,ABC,MMC
1060,ABC,NDAQ
1061,ABC,ODFL
1062,ABC,ORCL
1063,ABC,PYPL
1064,ABC,PGR
1065,ABC,DGX
1066,ABC,STE
1067,ABC,TROW
1068,ABC,TSCO
1069,AME,APH
1070,AME,ADM
1071,AME,CAT
1072,AME,CSX
1073,AME,DOV
1074,AME,IR
1075,AME,ICE
1076,AME,NXPI
1077,AME,PKG
1078,AME,PNR
1079,AME,PPG
1080,AME,SWK
1081,AME,TXN
1082,AME,TJX
1083,APH,IR
1084,APH,ICE
1085,APH,MCK
1086,APH,PKG
1087,APH,PNR
1088,APH,UNP
1089,ADI,AJG
1090,ADI,CMCSA
1091,ADI,CTVA
1092,ADI,EMN
1093,ADI,ICE
1094,ADI,KEYS
1095,ADI,MCK
1096,ADI,MCHP
1097,ADI,MS
1098,ADI,PKG
1099,ADI,TRMB
1100,AOS,AMAT
1101,AOS,ADM
1102,AOS,AJG
1103,AOS,CAT
1104,AOS,DHI
1105,AOS,DRE
1106,AOS,EMN
1107,AOS,EXPD
1108,AOS,FRC
1109,AOS,FCX
1110,AOS,GRMN
1111,AOS,IEX
1112,AOS,INFO
1113,AOS,ICE
1114,AOS,IQV
1115,AOS,J
1116,AOS,KSU
1117,AOS,LEN
1118,AOS,NWSA
1119,AOS,NWS
1120,AOS,NXPI
1121,AOS,ORCL
1122,AOS,PNR
1123,AOS,PWR
1124,AOS,TROW
1125,AOS,TGT
1126,AOS,TXN
1127,AOS,WHR
1128,APA,AVB
1129,APA,BXP
1130,APA,BSX
1131,APA,CCL
1132,APA,CBOE
1133,APA,CTXS
1134,APA,CLX
1135,APA,CME
1136,APA,CCI
1137,APA,DAL
1138,APA,DLR
1139,APA,EQR
1140,APA,EXC
1141,APA,FRT
1142,APA,GIS
1143,APA,PEAK
1144,APA,HRL
1145,APA,JKHY
1146,APA,KMI
1147,APA,MRO
1148,APA,NEM
1149,APA,OKE
1150,APA,PNW
1151,APA,REG
1152,APA,RCL
1153,APA,SLB
1154,APA,SRE
1155,APA,SPG
1156,APA,UDR
1157,APA,UAL
1158,APA,VTR
1159,APA,VNO
1160,APA,WBA
1161,APA,WELL
1162,AAPL,BBY
1163,AAPL,CAG
1164,AAPL,FAST
1165,AAPL,FMC
1166,AAPL,NEE
1167,AAPL,PLD
1168,AAPL,DGX
1169,AAPL,TMUS
1170,AAPL,ZTS
1171,AMAT,FRC
1172,AMAT,FCX
1173,AMAT,J
1174,AMAT,MCK
1175,AMAT,MS
1176,AMAT,PM
1177,APTV,CMCSA
1178,APTV,MCHP
1179,APTV,NWL
1180,APTV,TJX
1181,ADM,AJG
1182,ADM,CAT
1183,ADM,DHI
1184,ADM,DOV
1185,ADM,DRE
1186,ADM,EXPD
1187,ADM,IEX
1188,ADM,KSU
1189,ADM,NXPI
1190,ADM,PNR
1191,AJG,ETN
1192,AJG,EXPD
1193,AJG,GRMN
1194,AJG,INFO
1195,AJG,MCK
1196,AJG,NXPI
1197,AJG,TROW
1198,AIZ,CZR
1199,AIZ,CDW
1200,AIZ,CE
1201,AIZ,CMCSA
1202,AIZ,DUK
1203,AIZ,GPS
1204,AIZ,GPC
1205,AIZ,HSY
1206,AIZ,IP
1207,AIZ,IPG
1208,AIZ,IRM
1209,AIZ,LKQ
1210,AIZ,LUMN
1211,AIZ,LYB
1212,AIZ,MDT
1213,AIZ,MAA
1214,AIZ,MDLZ
1215,AIZ,MSI
1216,AIZ,NTAP
1217,AIZ,NWL
1218,AIZ,NTRS
1219,AIZ,NUE
1220,AIZ,PEP
1221,AIZ,PM
1222,AIZ,PPG
1223,AIZ,RJF
1224,AIZ,RSG
1225,AIZ,RHI
1226,AIZ,SNA
1227,AIZ,TJX
1228,AIZ,VMC
1229,AIZ,WRK
1230,AIZ,WY
1231,AIZ,ZBH
1232,T,CBOE
1233,T,SRE
1234,ATO,CDNS
1235,ATO,CTLT
1236,ATO,CBOE
1237,ATO,CL
1238,ATO,DLR
1239,ATO,DG
1240,ATO,EBAY
1241,ATO,EA
1242,ATO,ENPH
1243,ATO,ETSY
1244,ATO,EVRG
1245,ATO,HOLX
1246,ATO,IPGP
1247,ATO,JNJ
1248,ATO,MNST
1249,ATO,NEM
1250,ATO,NEE
1251,ATO,NKE
1252,ATO,NLOK
1253,ATO,PYPL
1254,ATO,PKI
1255,ATO,PGR
1256,ATO,QCOM
1257,ATO,RMD
1258,ATO,ROL
1259,ATO,TMUS
1260,ATO,TTWO
1261,ATO,VRSK
1262,ATO,WMT
1263,ADP,COF
1264,ADP,CBRE
1265,ADP,CFG
1266,ADP,DFS
1267,ADP,FITB
1268,ADP,F
1269,ADP,IT
1270,ADP,IPG
1271,ADP,IVZ
1272,ADP,KEY
1273,ADP,LYB
1274,ADP,MHK
1275,ADP,NTAP
1276,ADP,NTRS
1277,ADP,PBCT
1278,ADP,PNC
1279,ADP,PVH
1280,ADP,RL
1281,ADP,RF
1282,ADP,ROST
1283,ADP,SYF
1284,ADP,TPR
1285,AVB,CBOE
1286,AVB,CLX
1287,AVB,COP
1288,AVB,EOG
1289,AVB,XOM
1290,AVB,FRT
1291,AVB,HFC
1292,AVB,HST
1293,AVB,INCY
1294,AVB,KMI
1295,AVB,MTB
1296,AVB,MRO
1297,AVB,TAP
1298,AVB,NOV
1299,AVB,OXY
1300,AVB,OKE
1301,AVB,RTX
1302,AVB,REG
1303,AVB,SLB
1304,AVB,SPG
1305,AVB,TSN
1306,AVB,VNO
1307,AVB,WBA
1308,AVB,WFC
1309,AVB,WELL
1310,AVY,CAT
1311,AVY,J
1312,AVY,ORCL
1313,AVY,PM
1314,AVY,RHI
1315,AVY,STX
1316,BKR,DVN
1317,BKR,EXC
1318,BKR,HAL
1319,BKR,HST
1320,BKR,LNC
1321,BKR,MAR
1322,BKR,UAA
1323,BKR,UA
1324,BKR,UNM
1325,BKR,WYNN
1326,BLL,QCOM
1327,BLL,UPS
1328,BAC,CBRE
1329,BAC,HLT
1330,BAC,IRM
1331,BAC,LUMN
1332,BAC,MAA
1333,BAC,NTRS
1334,BAC,PM
1335,BAC,PNC
1336,BAC,ROST
1337,BK,CB
1338,BK,C
1339,BK,CMA
1340,BK,XRAY
1341,BK,FLIR
1342,BK,FOXA
1343,BK,GD
1344,BK,HIG
1345,BK,PEAK
1346,BK,HES
1347,BK,HPE
1348,BK,HWM
1349,BK,HBAN
1350,BK,KEY
1351,BK,KIM
1352,BK,LUMN
1353,BK,MPC
1354,BK,MGM
1355,BK,OMC
1356,BK,PBCT
1357,BK,PXD
1358,BK,ROST
1359,BK,LUV
1360,BK,SYY
1361,BK,USB
1362,BK,WRB
1363,BK,WBA
1364,BK,WYNN
1365,BK,ZION
1366,BAX,BBY
1367,BAX,BWA
1368,BAX,BXP
1369,BAX,BR
1370,BAX,CHRW
1371,BAX,COG
1372,BAX,CDNS
1373,BAX,CZR
1374,BAX,CPB
1375,BAX,COF
1376,BAX,KMX
1377,BAX,CCL
1378,BAX,CARR
1379,BAX,CTLT
1380,BAX,CAT
1381,BAX,CBOE
1382,BAX,CBRE
1383,BAX,CDW
1384,BAX,CE
1385,BAX,CNP
1386,BAX,CERN
1387,BAX,CF
1388,BAX,SCHW
1389,BAX,CVX
1390,BAX,CB
1391,BAX,CHD
1392,BAX,CINF
1393,BAX,CSCO
1394,BAX,C
1395,BAX,CFG
1396,BAX,CTXS
1397,BAX,CLX
1398,BAX,CME
1399,BAX,CTSH
1400,BAX,CL
1401,BAX,CMCSA
1402,BAX,CMA
1403,BAX,CAG
1404,BAX,COP
1405,BAX,CPRT
1406,BAX,GLW
1407,BAX,CTVA
1408,BAX,CSX
1409,BAX,CVS
1410,BAX,DHI
1411,BAX,DRI
1412,BAX,DVA
1413,BAX,DAL
1414,BAX,XRAY
1415,BAX,DVN
1416,BAX,FANG
1417,BAX,DLR
1418,BAX,DFS
1419,BAX,DISCA
1420,BAX,DISCK
1421,BAX,DISH
1422,BAX,DG
1423,BAX,DLTR
1424,BAX,DOV
1425,BAX,DOW
1426,BAX,DTE
1427,BAX,DRE
1428,BAX,DD
1429,BAX,DXC
1430,BAX,EMN
1431,BAX,ETN
1432,BAX,EBAY
1433,BAX,EA
1434,BAX,EMR
1435,BAX,ENPH
1436,BAX,ETR
1437,BAX,EOG
1438,BAX,EFX
1439,BAX,EQR
1440,BAX,ETSY
1441,BAX,EVRG
1442,BAX,EXC
1443,BAX,EXPE
1444,BAX,EXPD
1445,BAX,EXR
1446,BAX,XOM
1447,BAX,FFIV
1448,BAX,FAST
1449,BAX,FRT
1450,BAX,FIS
1451,BAX,FITB
1452,BAX,FE
1453,BAX,FRC
1454,BAX,FISV
1455,BAX,FLIR
1456,BAX,FMC
1457,BAX,F
1458,BAX,FTNT
1459,BAX,FTV
1460,BAX,FBHS
1461,BAX,FOXA
1462,BAX,FOX
1463,BAX,BEN
1464,BAX,FCX
1465,BAX,GPS
1466,BAX,GRMN
1467,BAX,IT
1468,BAX,GNRC
1469,BAX,GD
1470,BAX,GE
1471,BAX,GIS
1472,BAX,GM
1473,BAX,GPC
1474,BAX,GILD
1475,BAX,GL
1476,BAX,HAL
1477,BAX,HBI
1478,BAX,HIG
1479,BAX,HAS
1480,BAX,HCA
1481,BAX,PEAK
1482,BAX,HSIC
1483,BAX,HES
1484,BAX,HPE
1485,BAX,HLT
1486,BAX,HFC
1487,BAX,HOLX
1488,BAX,HON
1489,BAX,HRL
1490,BAX,HST
1491,BAX,HWM
1492,BAX,HPQ
1493,BAX,HBAN
1494,BAX,IEX
1495,BAX,INFO
1496,BAX,ITW
1497,BAX,IR
1498,BAX,INTC
1499,BAX,ICE
1500,BAX,IBM
1501,BAX,IP
1502,BAX,IPG
1503,BAX,IFF
1504,BAX,IVZ
1505,BAX,IPGP
1506,BAX,IQV
1507,BAX,IRM
1508,BAX,JKHY
1509,BAX,J
1510,BAX,JBHT
1511,BAX,SJM
1512,BAX,JNJ
1513,BAX,JCI
1514,BAX,JPM
1515,BAX,JNPR
1516,BAX,KSU
1517,BAX,K
1518,BAX,KEY
1519,BAX,KEYS
1520,BAX,KIM
1521,BAX,KMI
1522,BAX,KHC
1523,BAX,KR
1524,BAX,LB
1525,BAX,LW
1526,BAX,LVS
1527,BAX,LEG
1528,BAX,LEN
1529,BAX,LLY
1530,BAX,LNC
1531,BAX,LYV
1532,BAX,LKQ
1533,BAX,L
1534,BAX,LOW
1535,BAX,LUMN
1536,BAX,LYB
1537,BAX,MTB
1538,BAX,MRO
1539,BAX,MPC
1540,BAX,MAR
1541,BAX,MMC
1542,BAX,MAS
1543,BAX,MKC
1544,BAX,MXIM
1545,BAX,MCK
1546,BAX,MET
1547,BAX,MGM
1548,BAX,MCHP
1549,BAX,MU
1550,BAX,MAA
1551,BAX,MHK
1552,BAX,TAP
1553,BAX,MNST
1554,BAX,MS
1555,BAX,MOS
1556,BAX,MSI
1557,BAX,NDAQ
1558,BAX,NTAP
1559,BAX,NWL
1560,BAX,NEM
1561,BAX,NWSA
1562,BAX,NWS
1563,BAX,NEE
1564,BAX,NLSN
1565,BAX,NKE
1566,BAX,NI
1567,BAX,NTRS
1568,BAX,NLOK
1569,BAX,NCLH
1570,BAX,NOV
1571,BAX,NRG
1572,BAX,NUE
1573,BAX,NXPI
1574,BAX,OXY
1575,BAX,ODFL
1576,BAX,OMC
1577,BAX,OKE
1578,BAX,ORCL
1579,BAX,OTIS
1580,BAX,PCAR
1581,BAX,PKG
1582,BAX,PAYX
1583,BAX,PYPL
1584,BAX,PENN
1585,BAX,PNR
1586,BAX,PBCT
1587,BAX,PKI
1588,BAX,PRGO
1589,BAX,PFE
1590,BAX,PM
1591,BAX,PSX
1592,BAX,PNW
1593,BAX,PXD
1594,BAX,PNC
1595,BAX,PPG
1596,BAX,PPL
1597,BAX,PFG
1598,BAX,PG
1599,BAX,PGR
1600,BAX,PRU
1601,BAX,PTC
1602,BAX,PEG
1603,BAX,PHM
1604,BAX,PVH
1605,BAX,QRVO
1606,BAX,PWR
1607,BAX,QCOM
1608,BAX,DGX
1609,BAX,RL
1610,BAX,RJF
1611,BAX,RTX
1612,BAX,O
1613,BAX,REG
1614,BAX,RF
1615,BAX,RSG
1616,BAX,RMD
1617,BAX,RHI
1618,BAX,ROL
1619,BAX,ROST
1620,BAX,RCL
1621,BAX,SLB
1622,BAX,STX
1623,BAX,SEE
1624,BAX,SRE
1625,BAX,SPG
1626,BAX,SWKS
1627,BAX,SNA
1628,BAX,LUV
1629,BAX,SWK
1630,BAX,SBUX
1631,BAX,STT
1632,BAX,STE
1633,BAX,SYF
1634,BAX,SYY
1635,BAX,TMUS
1636,BAX,TROW
1637,BAX,TTWO
1638,BAX,TPR
1639,BAX,TGT
1640,BAX,TEL
1641,BAX,TER
1642,BAX,TXN
1643,BAX,TXT
1644,BAX,TJX
1645,BAX,TSCO
1646,BAX,TT
1647,BAX,TRV
1648,BAX,TRMB
1649,BAX,TFC
1650,BAX,TWTR
1651,BAX,TSN
1652,BAX,UDR
1653,BAX,USB
1654,BAX,UAA
1655,BAX,UA
1656,BAX,UNP
1657,BAX,UAL
1658,BAX,UPS
1659,BAX,UHS
1660,BAX,UNM
1661,BAX,VLO
1662,BAX,VTR
1663,BAX,VRSK
1664,BAX,VZ
1665,BAX,VFC
1666,BAX,VIAC
1667,BAX,VTRS
1668,BAX,VNO
1669,BAX,VMC
1670,BAX,WAB
1671,BAX,WMT
1672,BAX,WBA
1673,BAX,DIS
1674,BAX,WM
1675,BAX,WFC
1676,BAX,WELL
1677,BAX,WDC
1678,BAX,WU
1679,BAX,WRK
1680,BAX,WY
1681,BAX,WHR
1682,BAX,WMB
1683,BAX,WYNN
1684,BAX,XEL
1685,BAX,XLNX
1686,BAX,XYL
1687,BAX,YUM
1688,BAX,ZBH
1689,BAX,ZION
1690,BAX,ZTS
1691,BBY,CAG
1692,BBY,CPRT
1693,BBY,DRE
1694,BBY,FMC
1695,BBY,ITW
1696,BBY,LOW
1697,BBY,MAS
1698,BBY,NEE
1699,BBY,PCAR
1700,BBY,PLD
1701,BBY,SWKS
1702,BBY,ZTS
1703,BWA,DOW
1704,BWA,GPC
1705,BWA,HBI
1706,BWA,VMC
1707,BXP,CCL
1708,BXP,CBOE
1709,BXP,CLX
1710,BXP,DLR
1711,BXP,GIS
1712,BXP,KMI
1713,BXP,NOV
1714,BSX,CNP
1715,BSX,COP
1716,BSX,DAL
1717,BSX,DVN
1718,BSX,FANG
1719,BSX,EOG
1720,BSX,MRO
1721,BSX,NCLH
1722,BSX,RCL
1723,BSX,SLB
1724,BSX,TSN
1725,BSX,USB
1726,BSX,UA
1727,BSX,UAL
1728,BSX,UNM
1729,BSX,VTR
1730,BSX,VFC
1731,BSX,VNO
1732,BSX,WFC
1733,BSX,WELL
1734,BMY,CPB
1735,BMY,CAH
1736,BMY,CARR
1737,BR,CHRW
1738,BR,GLW
1739,BR,EMN
1740,BR,FTV
1741,BR,GPS
1742,BR,SEE
1743,BR,TEL
1744,BR,TRMB
1745,BR,UNP
1746,BR,WHR
1747,CHRW,CHD
1748,CHRW,MDLZ
1749,CHRW,UPS
1750,COG,CPB
1751,COG,CAH
1752,COG,CMS
1753,COG,KO
1754,COG,CVS
1755,COG,D
1756,COG,DUK
1757,COG,EIX
1758,COG,ETR
1759,COG,EVRG
1760,COG,ES
1761,COG,FIS
1762,COG,FISV
1763,COG,GL
1764,COG,GPN
1765,COG,HWM
1766,COG,K
1767,COG,LW
1768,COG,LVS
1769,COG,LDOS
1770,COG,LUMN
1771,COG,MRK
1772,COG,MAA
1773,COG,NTRS
1774,COG,PRGO
1775,COG,PPL
1776,COG,RTX
1777,COG,SRE
1778,COG,SO
1779,COG,STT
1780,COG,WEC
1781,COG,WU
1782,CDNS,CTLT
1783,CDNS,ETSY
1784,CDNS,IPGP
1785,CDNS,MCK
1786,CDNS,MNST
1787,CDNS,PYPL
1788,CDNS,TMUS
1789,CZR,CMCSA
1790,CZR,DOW
1791,CZR,EMR
1792,CZR,GPS
1793,CZR,GM
1794,CZR,HCA
1795,CZR,HON
1796,CZR,IP
1797,CZR,IQV
1798,CZR,NWSA
1799,CZR,NWS
1800,CZR,ORCL
1801,CZR,PM
1802,CZR,RHI
1803,CZR,TEL
1804,CZR,TJX
1805,CZR,VMC
1806,CZR,WRK
1807,CZR,WY
1808,CPB,CAH
1809,CPB,CARR
1810,CPB,CNC
1811,CPB,CTXS
1812,CPB,CAG
1813,CPB,CCI
1814,CPB,DLR
1815,CPB,DRE
1816,CPB,DXC
1817,CPB,EA
1818,CPB,ES
1819,CPB,HAS
1820,CPB,HRL
1821,CPB,INTC
1822,CPB,JKHY
1823,CPB,K
1824,CPB,KR
1825,CPB,LDOS
1826,CPB,NI
1827,CPB,NLOK
1828,CPB,OTIS
1829,CPB,PLD
1830,CPB,RMD
1831,COF,CBRE
1832,COF,IT
1833,COF,IRM
1834,COF,MET
1835,COF,MAA
1836,COF,MHK
1837,COF,MSI
1838,COF,NTAP
1839,COF,PNC
1840,COF,RJF
1841,COF,ROST
1842,CAH,CARR
1843,CAH,CAG
1844,CAH,CCI
1845,CAH,DVA
1846,CAH,DRE
1847,CAH,FAST
1848,CAH,FRC
1849,CAH,FTNT
1850,CAH,FCX
1851,CAH,GRMN
1852,CAH,GNRC
1853,CAH,GPN
1854,CAH,INFO
1855,CAH,ITW
1856,CAH,ICE
1857,CAH,JBHT
1858,CAH,JNJ
1859,CAH,KSU
1860,CAH,KEYS
1861,CAH,KR
1862,CAH,LLY
1863,CAH,MMC
1864,CAH,MAS
1865,CAH,MCHP
1866,CAH,MU
1867,CAH,MS
1868,CAH,NDAQ
1869,CAH,NEE
1870,CAH,NXPI
1871,CAH,ODFL
1872,CAH,OTIS
1873,CAH,PYPL
1874,CAH,PNR
1875,CAH,PEP
1876,CAH,PLD
1877,CAH,QRVO
1878,CAH,DGX
1879,CAH,RMD
1880,CAH,STX
1881,CAH,SWKS
1882,CAH,STT
1883,CAH,TROW
1884,CAH,TGT
1885,CAH,TER
1886,CAH,UNP
1887,KMX,CAT
1888,KMX,DOW
1889,KMX,EMR
1890,KMX,HBI
1891,KMX,MS
1892,KMX,NWS
1893,KMX,ORCL
1894,KMX,PWR
1895,KMX,RHI
1896,KMX,TXN
1897,KMX,UNP
1898,CCL,FRT
1899,CCL,NCLH
1900,CCL,NOV
1901,CCL,OXY
1902,CCL,UAL
1903,CCL,VNO
1904,CARR,GPS
1905,CARR,HRL
1906,CARR,KR
1907,CARR,NLOK
1908,CARR,VMC
1909,CTLT,CAG
1910,CTLT,ETSY
1911,CTLT,IPGP
1912,CTLT,MCK
1913,CTLT,MNST
1914,CTLT,PYPL
1915,CTLT,PKI
1916,CTLT,TMUS
1917,CAT,FRC
1918,CAT,FCX
1919,CAT,NWSA
1920,CAT,NXPI
1921,CAT,PWR
1922,CBOE,CVX
1923,CBOE,CLX
1924,CBOE,COP
1925,CBOE,EQR
1926,CBOE,FRT
1927,CBOE,FE
1928,CBOE,GIS
1929,CBOE,HFC
1930,CBOE,HRL
1931,CBOE,KMI
1932,CBOE,NOV
1933,CBOE,OXY
1934,CBOE,RTX
1935,CBOE,VNO
1936,CBOE,WBA
1937,CBOE,WFC
1938,CBRE,SCHW
1939,CBRE,FITB
1940,CBRE,HCA
1941,CBRE,IPG
1942,CBRE,JPM
1943,CBRE,MAA
1944,CBRE,NTAP
1945,CBRE,PM
1946,CBRE,PNC
1947,CBRE,RJF
1948,CBRE,RF
1949,CBRE,RHI
1950,CBRE,ROST
1951,CBRE,TPR
1952,CBRE,WRK
1953,CDW,SCHW
1954,CDW,GPS
1955,CDW,IP
1956,CDW,LKQ
1957,CDW,MAA
1958,CDW,NWL
1959,CDW,PM
1960,CDW,RJF
1961,CDW,RHI
1962,CDW,SNA
1963,CDW,WRK
1964,CDW,ZBH
1965,CE,EXR
1966,CE,GPS
1967,CE,VMC
1968,CNC,CTXS
1969,CNC,CCI
1970,CNC,EA
1971,CNC,FTNT
1972,CNC,GIS
1973,CNC,HRL
1974,CNC,RMD
1975,CNP,CTXS
1976,CNP,HAS
1977,CNP,JKHY
1978,CNP,RCL
1979,CNP,UAL
1980,CNP,VTR
1981,CNP,WELL
1982,CERN,SCHW
1983,CERN,CHD
1984,CERN,CFG
1985,CERN,CTSH
1986,CERN,CL
1987,CERN,CMCSA
1988,CERN,ED
1989,CERN,CPRT
1990,CERN,GLW
1991,CERN,CTVA
1992,CERN,CSX
1993,CERN,DHI
1994,CERN,DVA
1995,CERN,DFS
1996,CERN,DISCA
1997,CERN,DISCK
1998,CERN,DOV
1999,CERN,DOW
2000,CERN,DD
2001,CERN,EMN
2002,CERN,ETN
2003,CERN,EBAY
2004,CERN,EW
2005,CERN,EA
2006,CERN,EMR
2007,CERN,ENPH
2008,CERN,EFX
2009,CERN,ETSY
2010,CERN,EXPD
2011,CERN,EXR
2012,CERN,FFIV
2013,CERN,FAST
2014,CERN,FITB
2015,CERN,FE
2016,CERN,FRC
2017,CERN,FMC
2018,CERN,F
2019,CERN,FTNT
2020,CERN,FTV
2021,CERN,FBHS
2022,CERN,FCX
2023,CERN,GPS
2024,CERN,GRMN
2025,CERN,IT
2026,CERN,GNRC
2027,CERN,GE
2028,CERN,GM
2029,CERN,GPN
2030,CERN,HBI
2031,CERN,HCA
2032,CERN,HSIC
2033,CERN,HLT
2034,CERN,HOLX
2035,CERN,HON
2036,CERN,HPQ
2037,CERN,IEX
2038,CERN,INFO
2039,CERN,ITW
2040,CERN,IR
2041,CERN,ICE
2042,CERN,IP
2043,CERN,IPG
2044,CERN,IVZ
2045,CERN,IPGP
2046,CERN,J
2047,CERN,JBHT
2048,CERN,SJM
2049,CERN,JCI
2050,CERN,KSU
2051,CERN,KEYS
2052,CERN,KHC
2053,CERN,LB
2054,CERN,LEN
2055,CERN,LLY
2056,CERN,LYV
2057,CERN,LKQ
2058,CERN,LOW
2059,CERN,LYB
2060,CERN,MMC
2061,CERN,MAS
2062,CERN,MXIM
2063,CERN,MCK
2064,CERN,MET
2065,CERN,MCHP
2066,CERN,MU
2067,CERN,MHK
2068,CERN,MDLZ
2069,CERN,MNST
2070,CERN,MS
2071,CERN,MOS
2072,CERN,NTAP
2073,CERN,NWL
2074,CERN,NWSA
2075,CERN,NWS
2076,CERN,NEE
2077,CERN,NKE
2078,CERN,NUE
2079,CERN,NXPI
2080,CERN,ODFL
2081,CERN,ORCL
2082,CERN,OTIS
2083,CERN,PCAR
2084,CERN,PKG
2085,CERN,PAYX
2086,CERN,PYPL
2087,CERN,PENN
2088,CERN,PNR
2089,CERN,PEP
2090,CERN,PKI
2091,CERN,PRGO
2092,CERN,PFE
2093,CERN,PM
2094,CERN,PNC
2095,CERN,PPG
2096,CERN,PG
2097,CERN,PGR
2098,CERN,PTC
2099,CERN,PVH
2100,CERN,QRVO
2101,CERN,PWR
2102,CERN,QCOM
2103,CERN,DGX
2104,CERN,RJF
2105,CERN,RF
2106,CERN,RMD
2107,CERN,RHI
2108,CERN,ROL
2109,CERN,STX
2110,CERN,SEE
2111,CERN,SWKS
2112,CERN,SNA
2113,CERN,SWK
2114,CERN,SBUX
2115,CERN,STT
2116,CERN,STE
2117,CERN,SYY
2118,CERN,TMUS
2119,CERN,TROW
2120,CERN,TTWO
2121,CERN,TPR
2122,CERN,TGT
2123,CERN,TEL
2124,CERN,TER
2125,CERN,TXN
2126,CERN,TXT
2127,CERN,TJX
2128,CERN,TSCO
2129,CERN,TT
2130,CERN,TRV
2131,CERN,TRMB
2132,CERN,TFC
2133,CERN,TWTR
2134,CERN,UNP
2135,CERN,UPS
2136,CERN,VRSK
2137,CERN,VIAC
2138,CERN,WRB
2139,CERN,WAB
2140,CERN,WMT
2141,CERN,DIS
2142,CERN,WM
2143,CERN,WRK
2144,CERN,WY
2145,CERN,WHR
2146,CERN,WMB
2147,CERN,XEL
2148,CERN,XLNX
2149,CERN,XYL
2150,CERN,YUM
2151,CERN,ZBH
2152,CF,CMA
2153,CF,DVN
2154,CF,HIG
2155,CF,HES
2156,CF,NLSN
2157,CF,USB
2158,SCHW,HCA
2159,SCHW,IPG
2160,SCHW,IRM
2161,SCHW,MAA
2162,SCHW,NTAP
2163,SCHW,PM
2164,SCHW,RJF
2165,SCHW,STX
2166,SCHW,TJX
2167,CVX,CME
2168,CVX,FANG
2169,CVX,EOG
2170,CVX,XOM
2171,CVX,MRO
2172,CVX,REG
2173,CVX,TSN
2174,CVX,WBA
2175,CVX,WELL
2176,CB,CMA
2177,CB,DRI
2178,CB,XRAY
2179,CB,DFS
2180,CB,F
2181,CB,GM
2182,CB,HES
2183,CB,HBAN
2184,CB,IVZ
2185,CB,KEY
2186,CB,LYV
2187,CB,MGM
2188,CB,MHK
2189,CB,MSI
2190,CB,NTAP
2191,CB,NLSN
2192,CB,PXD
2193,CB,PFG
2194,CB,PVH
2195,CB,ROST
2196,CB,SYF
2197,CB,TXT
2198,CB,TFC
2199,CB,UAA
2200,CB,WAB
2201,CB,WDC
2202,CHD,FE
2203,CINF,DVN
2204,CSCO,JNPR
2205,C,CME
2206,C,FLIR
2207,C,FOXA
2208,C,PEAK
2209,C,HES
2210,C,KIM
2211,C,WBA
2212,CFG,XRAY
2213,CFG,IT
2214,CFG,HLT
2215,CFG,IVZ
2216,CFG,LYB
2217,CFG,MGM
2218,CFG,MAA
2219,CFG,MHK
2220,CFG,MSI
2221,CFG,NTAP
2222,CFG,ROST
2223,CTXS,HRL
2224,CTXS,JKHY
2225,CTXS,NI
2226,CTXS,PNW
2227,CTXS,TSN
2228,CTXS,UAL
2229,CLX,NEM
2230,CME,CMA
2231,CME,COP
2232,CME,DVN
2233,CME,EOG
2234,CME,XOM
2235,CME,FLIR
2236,CME,FOXA
2237,CME,FOX
2238,CME,GD
2239,CME,PEAK
2240,CME,HES
2241,CME,HPE
2242,CME,HST
2243,CME,IBM
2244,CME,KEY
2245,CME,KIM
2246,CME,LVS
2247,CME,L
2248,CME,LUMN
2249,CME,MTB
2250,CME,MRO
2251,CME,TAP
2252,CME,OMC
2253,CME,PBCT
2254,CME,PXD
2255,CME,RTX
2256,CME,REG
2257,CME,UDR
2258,CME,UHS
2259,CME,VLO
2260,CME,WBA
2261,CME,WFC
2262,CME,WDC
2263,CMS,FIS
2264,CMS,GPS
2265,CMS,LEG
2266,CMS,LKQ
2267,CMS,MRK
2268,CMS,NTRS
2269,CMS,NUE
2270,CMS,PM
2271,CMS,UPS
2272,CMS,VZ
2273,KO,CMA
2274,KO,DISCK
2275,KO,DTE
2276,KO,DD
2277,KO,FOXA
2278,KO,FOX
2279,KO,GILD
2280,KO,GL
2281,KO,HWM
2282,KO,INCY
2283,KO,IBM
2284,KO,LVS
2285,KO,LEG
2286,KO,LUMN
2287,KO,MSI
2288,KO,NTRS
2289,KO,PBCT
2290,KO,PPL
2291,KO,PVH
2292,KO,RL
2293,KO,SRE
2294,KO,LUV
2295,KO,SYF
2296,KO,SYY
2297,KO,TFC
2298,KO,USB
2299,KO,UAA
2300,KO,UHS
2301,KO,VFC
2302,KO,WAB
2303,KO,WBA
2304,KO,WELL
2305,KO,WRK
2306,CTSH,FTV
2307,CTSH,IR
2308,CTSH,MDLZ
2309,CTSH,TWTR
2310,CTSH,XLNX
2311,CL,FE
2312,CL,PKI
2313,CL,QCOM
2314,CL,DGX
2315,CL,ROL
2316,CL,STE
2317,CL,TMUS
2318,CL,TTWO
2319,CMCSA,DOW
2320,CMCSA,EMN
2321,CMCSA,EXR
2322,CMCSA,GPS
2323,CMCSA,HCA
2324,CMCSA,HON
2325,CMCSA,IR
2326,CMCSA,IP
2327,CMCSA,IQV
2328,CMCSA,J
2329,CMCSA,JCI
2330,CMCSA,LKQ
2331,CMCSA,NWL
2332,CMCSA,NWSA
2333,CMCSA,NWS
2334,CMCSA,NXPI
2335,CMCSA,PPG
2336,CMCSA,RHI
2337,CMCSA,SWK
2338,CMCSA,SBUX
2339,CMCSA,TEL
2340,CMCSA,WY
2341,CMCSA,XYL
2342,CMA,XRAY
2343,CMA,FOXA
2344,CMA,PEAK
2345,CMA,LNC
2346,CMA,MAR
2347,CMA,MGM
2348,CMA,MSI
2349,CMA,NLSN
2350,CMA,PRU
2351,CMA,PVH
2352,CMA,LUV
2353,CMA,SYF
2354,CMA,SYY
2355,CMA,UAA
2356,CAG,CCI
2357,CAG,DLR
2358,CAG,DG
2359,CAG,EBAY
2360,CAG,EA
2361,CAG,FAST
2362,CAG,FMC
2363,CAG,LOW
2364,CAG,MAS
2365,CAG,MNST
2366,CAG,NEM
2367,CAG,ODFL
2368,CAG,OTIS
2369,CAG,PLD
2370,CAG,DGX
2371,CAG,RMD
2372,CAG,SWKS
2373,CAG,TMUS
2374,COP,FOXA
2375,COP,FOX
2376,COP,HST
2377,COP,MTB
2378,COP,MRO
2379,COP,OMC
2380,COP,RTX
2381,COP,REG
2382,COP,TSN
2383,COP,UDR
2384,COP,WBA
2385,COP,WFC
2386,COP,WELL
2387,ED,EA
2388,CPRT,FMC
2389,CPRT,ITW
2390,CPRT,MDLZ
2391,CPRT,NKE
2392,CPRT,PEP
2393,CPRT,PKI
2394,CPRT,QCOM
2395,CPRT,STE
2396,CPRT,UNP
2397,GLW,CSX
2398,GLW,GPS
2399,GLW,IEX
2400,CTVA,CSX
2401,CTVA,EMN
2402,CTVA,FCX
2403,CTVA,GNRC
2404,CTVA,IR
2405,CTVA,PTC
2406,CTVA,PWR
2407,CTVA,TXN
2408,CTVA,TT
2409,CTVA,TRMB
2410,CCI,DLR
2411,CCI,FAST
2412,CCI,GIS
2413,CCI,KR
2414,CCI,LLY
2415,CCI,NEM
2416,CCI,NLOK
2417,CCI,ODFL
2418,CCI,OTIS
2419,CCI,DGX
2420,CCI,TMUS
2421,CCI,VTRS
2422,CSX,EMN
2423,CSX,FCX
2424,CSX,IEX
2425,CSX,IR
2426,CSX,LB
2427,CSX,MDLZ
2428,CSX,PNR
2429,CSX,PWR
2430,CSX,STE
2431,CSX,TEL
2432,CSX,TXN
2433,CSX,TT
2434,CSX,TRMB
2435,CSX,XYL
2436,CVS,STX
2437,CVS,STT
2438,CVS,TJX
2439,CVS,ZBH
2440,DHI,DRE
2441,DHI,EXPD
2442,DHI,FBHS
2443,DHI,INFO
2444,DHI,JBHT
2445,DHI,KSU
2446,DHI,LEN
2447,DHI,LOW
2448,DHI,TROW
2449,DHI,UNP
2450,DHI,UPS
2451,DRI,XRAY
2452,DRI,F
2453,DRI,LYV
2454,DRI,MGM
2455,DRI,MSI
2456,DRI,NLSN
2457,DRI,PFG
2458,DRI,PVH
2459,DRI,SYF
2460,DRI,TXT
2461,DRI,TRV
2462,DVA,MCK
2463,DVA,QRVO
2464,DVA,TER
2465,DAL,EXC
2466,DAL,WELL
2467,XRAY,DFS
2468,XRAY,FITB
2469,XRAY,F
2470,XRAY,IT
2471,XRAY,HIG
2472,XRAY,HES
2473,XRAY,HLT
2474,XRAY,HBAN
2475,XRAY,IVZ
2476,XRAY,KEY
2477,XRAY,LNC
2478,XRAY,LYB
2479,XRAY,MAR
2480,XRAY,MET
2481,XRAY,MGM
2482,XRAY,MHK
2483,XRAY,MOS
2484,XRAY,MSI
2485,XRAY,NTAP
2486,XRAY,NLSN
2487,XRAY,NTRS
2488,XRAY,PBCT
2489,XRAY,PXD
2490,XRAY,PNC
2491,XRAY,PFG
2492,XRAY,PRU
2493,XRAY,PVH
2494,XRAY,RL
2495,XRAY,ROST
2496,XRAY,SYF
2497,XRAY,SYY
2498,XRAY,TXT
2499,XRAY,TFC
2500,XRAY,VMC
2501,XRAY,WYNN
2502,XRAY,ZION
2503,DVN,EXC
2504,DVN,FLIR
2505,DVN,FOXA
2506,DVN,FOX
2507,DVN,GD
2508,DVN,HIG
2509,DVN,PEAK
2510,DVN,HST
2511,DVN,JKHY
2512,DVN,KIM
2513,DVN,LNC
2514,DVN,L
2515,DVN,MTB
2516,DVN,MAR
2517,DVN,TAP
2518,DVN,OMC
2519,DVN,REG
2520,DVN,UDR
2521,DVN,USB
2522,DVN,UAA
2523,DVN,UA
2524,DVN,UHS
2525,DVN,WRB
2526,DVN,WELL
2527,DVN,WYNN
2528,FANG,EOG
2529,FANG,JKHY
2530,FANG,MRO
2531,FANG,REG
2532,FANG,UA
2533,DLR,DG
2534,DLR,GIS
2535,DLR,KR
2536,DLR,NEM
2537,DLR,NI
2538,DLR,NLOK
2539,DLR,NOV
2540,DLR,OXY
2541,DLR,VTRS
2542,DFS,LYV
2543,DFS,MSI
2544,DFS,NTAP
2545,DFS,PVH
2546,DFS,ROST
2547,DFS,TXT
2548,DFS,VMC
2549,DISCA,GPS
2550,DISCA,HCA
2551,DISCA,HON
2552,DISCA,HPQ
2553,DISCA,IPG
2554,DISCA,IVZ
2555,DISCA,LYV
2556,DISCA,MGM
2557,DISCA,NTAP
2558,DISCA,NWL
2559,DISCA,NRG
2560,DISCA,PAYX
2561,DISCA,RJF
2562,DISCA,ROST
2563,DISCA,SBUX
2564,DISCA,TFC
2565,DISCA,TWTR
2566,DISCA,WDC
2567,DISCA,WY
2568,DISCA,ZION
2569,DISCK,EXPE
2570,DISCK,FITB
2571,DISCK,F
2572,DISCK,GE
2573,DISCK,GM
2574,DISCK,HBAN
2575,DISCK,IVZ
2576,DISCK,JPM
2577,DISCK,KEY
2578,DISCK,LYV
2579,DISCK,LYB
2580,DISCK,MET
2581,DISCK,MGM
2582,DISCK,MHK
2583,DISCK,NTAP
2584,DISCK,NLSN
2585,DISCK,NRG
2586,DISCK,PBCT
2587,DISCK,PXD
2588,DISCK,PNC
2589,DISCK,RL
2590,DISCK,RJF
2591,DISCK,RF
2592,DISCK,SYF
2593,DISCK,TPR
2594,DISCK,TFC
2595,DISCK,ZION
2596,DISH,EOG
2597,DISH,EXPE
2598,DISH,EXR
2599,DISH,FLIR
2600,DISH,F
2601,DISH,BEN
2602,DISH,GPS
2603,DISH,HBI
2604,DISH,HSIC
2605,DISH,IBM
2606,DISH,IVZ
2607,DISH,KIM
2608,DISH,MRO
2609,DISH,MHK
2610,DISH,NUE
2611,DISH,PVH
2612,DISH,TPR
2613,DISH,TRV
2614,DISH,UAA
2615,DISH,UA
2616,DISH,VMC
2617,DISH,WRB
2618,DISH,WM
2619,DISH,WMB
2620,DISH,YUM
2621,DG,FAST
2622,DLTR,DD
2623,DLTR,EXPE
2624,DLTR,PFG
2625,DLTR,PEG
2626,DLTR,SEE
2627,DLTR,TXT
2628,DLTR,TRV
2629,DLTR,VMC
2630,DLTR,YUM
2631,D,DOW
2632,D,DD
2633,D,DXC
2634,D,EMN
2635,D,EBAY
2636,D,EA
2637,D,ENPH
2638,D,EOG
2639,D,EQR
2640,D,ETSY
2641,D,EXC
2642,D,EXPE
2643,D,XOM
2644,D,FFIV
2645,D,FRT
2646,D,FITB
2647,D,FRC
2648,D,FLIR
2649,D,F
2650,D,FTNT
2651,D,FOXA
2652,D,FOX
2653,D,BEN
2654,D,FCX
2655,D,GPS
2656,D,IT
2657,D,GNRC
2658,D,GE
2659,D,GIS
2660,D,GM
2661,D,HAL
2662,D,HBI
2663,D,HIG
2664,D,HAS
2665,D,HCA
2666,D,HES
2667,D,HPE
2668,D,HFC
2669,D,HON
2670,D,HRL
2671,D,HST
2672,D,HWM
2673,D,HPQ
2674,D,HBAN
2675,D,INCY
2676,D,IR
2677,D,IP
2678,D,IPG
2679,D,IFF
2680,D,IVZ
2681,D,IPGP
2682,D,IRM
2683,D,SJM
2684,D,JCI
2685,D,JPM
2686,D,JNPR
2687,D,K
2688,D,KEY
2689,D,KEYS
2690,D,KMB
2691,D,KIM
2692,D,KMI
2693,D,KHC
2694,D,KR
2695,D,LB
2696,D,LLY
2697,D,LNC
2698,D,LYV
2699,D,L
2700,D,LYB
2701,D,MTB
2702,D,MRO
2703,D,MPC
2704,D,MAR
2705,D,MKC
2706,D,MXIM
2707,D,MET
2708,D,MGM
2709,D,MU
2710,D,MHK
2711,D,TAP
2712,D,MNST
2713,D,MS
2714,D,MOS
2715,D,NTAP
2716,D,NEM
2717,D,NWSA
2718,D,NWS
2719,D,NLSN
2720,D,NCLH
2721,D,NOV
2722,D,NUE
2723,D,OXY
2724,D,ODFL
2725,D,OMC
2726,D,OKE
2727,D,ORCL
2728,D,OTIS
2729,D,PKG
2730,D,PYPL
2731,D,PENN
2732,D,PBCT
2733,D,PKI
2734,D,PFE
2735,D,PM
2736,D,PSX
2737,D,PXD
2738,D,PNC
2739,D,PFG
2740,D,PRU
2741,D,PTC
2742,D,PVH
2743,D,QRVO
2744,D,PWR
2745,D,QCOM
2746,D,RL
2747,D,RJF
2748,D,REG
2749,D,RF
2750,D,RMD
2751,D,RHI
2752,D,ROL
2753,D,RCL
2754,D,SLB
2755,D,STX
2756,D,SEE
2757,D,SPG
2758,D,SNA
2759,D,LUV
2760,D,SBUX
2761,D,SYF
2762,D,SYY
2763,D,TMUS
2764,D,TTWO
2765,D,TPR
2766,D,TGT
2767,D,TEL
2768,D,TER
2769,D,TXN
2770,D,TXT
2771,D,TSCO
2772,D,TT
2773,D,TRV
2774,D,TRMB
2775,D,TFC
2776,D,TWTR
2777,D,TSN
2778,D,UDR
2779,D,USB
2780,D,UAA
2781,D,UA
2782,D,UAL
2783,D,UPS
2784,D,UHS
2785,D,UNM
2786,D,VLO
2787,D,VTR
2788,D,VFC
2789,D,VIAC
2790,D,VTRS
2791,D,VNO
2792,D,VMC
2793,D,WMT
2794,D,WBA
2795,D,DIS
2796,D,WEC
2797,D,WFC
2798,D,WELL
2799,D,WDC
2800,D,WU
2801,D,WRK
2802,D,WMB
2803,D,WYNN
2804,D,XLNX
2805,D,XYL
2806,D,YUM
2807,D,ZION
2808,DOV,INFO
2809,DOV,LKQ
2810,DOV,NWL
2811,DOV,NXPI
2812,DOV,PNR
2813,DOV,PM
2814,DOV,PHM
2815,DOW,EMR
2816,DOW,GPS
2817,DOW,HCA
2818,DOW,IP
2819,DOW,IQV
2820,DOW,JCI
2821,DOW,NWS
2822,DOW,PPG
2823,DOW,SBUX
2824,DOW,VMC
2825,DOW,WY
2826,DTE,DD
2827,DTE,EXPE
2828,DTE,F
2829,DTE,GPS
2830,DTE,GPC
2831,DTE,HBI
2832,DTE,HSIC
2833,DTE,LEG
2834,DTE,LYV
2835,DTE,LYB
2836,DTE,MGM
2837,DTE,MHK
2838,DTE,MOS
2839,DTE,MSI
2840,DTE,PFG
2841,DTE,PEG
2842,DTE,PVH
2843,DTE,SYF
2844,DTE,TXT
2845,DTE,TRV
2846,DTE,VMC
2847,DTE,WRB
2848,DUK,EMN
2849,DUK,ETN
2850,DUK,EW
2851,DUK,EMR
2852,DUK,EXR
2853,DUK,FITB
2854,DUK,FRC
2855,DUK,FISV
2856,DUK,F
2857,DUK,FCX
2858,DUK,GPS
2859,DUK,GRMN
2860,DUK,IT
2861,DUK,GNRC
2862,DUK,GE
2863,DUK,GM
2864,DUK,GPC
2865,DUK,GPN
2866,DUK,HBI
2867,DUK,HCA
2868,DUK,HSY
2869,DUK,HLT
2870,DUK,HON
2871,DUK,HPQ
2872,DUK,HBAN
2873,DUK,IEX
2874,DUK,INFO
2875,DUK,IP
2876,DUK,IPG
2877,DUK,IVZ
2878,DUK,IQV
2879,DUK,IRM
2880,DUK,J
2881,DUK,JCI
2882,DUK,JPM
2883,DUK,KSU
2884,DUK,KEY
2885,DUK,LB
2886,DUK,LKQ
2887,DUK,LYB
2888,DUK,MCK
2889,DUK,MDT
2890,DUK,MET
2891,DUK,MGM
2892,DUK,MCHP
2893,DUK,MU
2894,DUK,MHK
2895,DUK,MS
2896,DUK,MOS
2897,DUK,MSI
2898,DUK,NTAP
2899,DUK,NWL
2900,DUK,NWSA
2901,DUK,NWS
2902,DUK,NTRS
2903,DUK,NUE
2904,DUK,NXPI
2905,DUK,ORCL
2906,DUK,PKG
2907,DUK,PAYX
2908,DUK,PNR
2909,DUK,PBCT
2910,DUK,PM
2911,DUK,PNC
2912,DUK,PPG
2913,DUK,PFG
2914,DUK,PWR
2915,DUK,RJF
2916,DUK,RF
2917,DUK,RHI
2918,DUK,ROST
2919,DUK,STX
2920,DUK,SEE
2921,DUK,SNA
2922,DUK,SO
2923,DUK,SBUX
2924,DUK,SYF
2925,DUK,SYY
2926,DUK,TPR
2927,DUK,TGT
2928,DUK,TEL
2929,DUK,TXN
2930,DUK,TJX
2931,DUK,TT
2932,DUK,VZ
2933,DUK,VMC
2934,DUK,DIS
2935,DUK,WM
2936,DUK,WDC
2937,DUK,WRK
2938,DUK,WY
2939,DUK,XYL
2940,DUK,ZION
2941,DRE,ETN
2942,DRE,EXPD
2943,DRE,FAST
2944,DRE,FRC
2945,DRE,FMC
2946,DRE,FBHS
2947,DRE,FCX
2948,DRE,GRMN
2949,DRE,GNRC
2950,DRE,INFO
2951,DRE,ITW
2952,DRE,ICE
2953,DRE,JBHT
2954,DRE,KSU
2955,DRE,KHC
2956,DRE,LEN
2957,DRE,LOW
2958,DRE,MMC
2959,DRE,MAS
2960,DRE,MXIM
2961,DRE,MCK
2962,DRE,MNST
2963,DRE,MS
2964,DRE,NDAQ
2965,DRE,ODFL
2966,DRE,ORCL
2967,DRE,PKG
2968,DRE,PYPL
2969,DRE,PNR
2970,DRE,QRVO
2971,DRE,PWR
2972,DRE,DGX
2973,DRE,SWKS
2974,DRE,SWK
2975,DRE,STE
2976,DRE,TROW
2977,DRE,TGT
2978,DRE,TER
2979,DRE,TXN
2980,DRE,TSCO
2981,DRE,UNP
2982,DRE,UPS
2983,DRE,WHR
2984,DD,TRV
2985,DD,WMB
2986,DD,YUM
2987,DXC,HAS
2988,DXC,JKHY
2989,DXC,L
2990,DXC,SRE
2991,DXC,UAA
2992,DXC,UA
2993,DXC,UHS
2994,DXC,WELL
2995,EMN,IEX
2996,EMN,ICE
2997,EMN,MCK
2998,EMN,TEL
2999,EMN,TXN
3000,EMN,TRMB
3001,ETN,GRMN
3002,ETN,GNRC
3003,ETN,INFO
3004,ETN,ICE
3005,ETN,LEN
3006,ETN,NXPI
3007,ETN,PNR
3008,ETN,TROW
3009,ETN,TGT
3010,ETN,TXN
3011,EBAY,DGX
3012,EBAY,TSCO
3013,EIX,GIS
3014,EIX,NEM
3015,EIX,NCLH
3016,EIX,NOV
3017,EIX,RTX
3018,EIX,RCL
3019,EIX,TSN
3020,EIX,UAL
3021,EIX,VTRS
3022,EIX,VNO
3023,EW,EMR
3024,EW,EXPD
3025,EW,FRC
3026,EW,FBHS
3027,EW,FCX
3028,EW,GPS
3029,EW,GRMN
3030,EW,INFO
3031,EW,ITW
3032,EW,IR
3033,EW,ICE
3034,EW,JBHT
3035,EW,KSU
3036,EW,KEYS
3037,EW,KHC
3038,EW,LEN
3039,EW,LKQ
3040,EW,LOW
3041,EW,MAS
3042,EW,MXIM
3043,EW,MCK
3044,EW,MCHP
3045,EW,MS
3046,EW,NWL
3047,EW,NKE
3048,EW,NXPI
3049,EW,PCAR
3050,EW,PKG
3051,EW,PNR
3052,EW,PEP
3053,EW,PKI
3054,EW,PM
3055,EW,PPG
3056,EW,PLD
3057,EW,PHM
3058,EW,QRVO
3059,EW,PWR
3060,EW,QCOM
3061,EW,DGX
3062,EW,SWK
3063,EW,STT
3064,EW,TGT
3065,EW,TXN
3066,EW,TJX
3067,EW,TT
3068,EW,UNP
3069,EW,UPS
3070,EW,VZ
3071,EW,WY
3072,EW,WHR
3073,EW,ZTS
3074,EA,FAST
3075,EA,NEM
3076,EMR,NWL
3077,EMR,TJX
3078,EMR,ZBH
3079,ENPH,IPGP
3080,ETR,MRK
3081,EOG,FRT
3082,EOG,FOXA
3083,EOG,FOX
3084,EOG,GD
3085,EOG,HIG
3086,EOG,HST
3087,EOG,MRO
3088,EOG,OMC
3089,EOG,REG
3090,EOG,UDR
3091,EOG,UAA
3092,EOG,UA
3093,EFX,GNRC
3094,EFX,JBHT
3095,EFX,NDAQ
3096,EFX,TROW
3097,EQR,HFC
3098,EQR,MRO
3099,EQR,NOV
3100,EQR,OKE
3101,EQR,WFC
3102,ETSY,IPGP
3103,ETSY,MXIM
3104,EVRG,XOM
3105,EVRG,FRT
3106,EVRG,FE
3107,EVRG,GIS
3108,EVRG,HES
3109,EVRG,HPE
3110,EVRG,HFC
3111,EVRG,HST
3112,EVRG,INCY
3113,EVRG,IBM
3114,EVRG,KIM
3115,EVRG,KMI
3116,EVRG,LVS
3117,EVRG,MRO
3118,EVRG,MPC
3119,EVRG,MKC
3120,EVRG,NEM
3121,EVRG,NCLH
3122,EVRG,NOV
3123,EVRG,OXY
3124,EVRG,OMC
3125,EVRG,PBCT
3126,EVRG,PSX
3127,EVRG,RTX
3128,EVRG,REG
3129,EVRG,ROL
3130,EVRG,SLB
3131,EVRG,SPG
3132,EVRG,TSN
3133,EVRG,UDR
3134,EVRG,VLO
3135,EVRG,VRSK
3136,EVRG,VNO
3137,EVRG,WMT
3138,EVRG,WBA
3139,EVRG,WFC
3140,ES,FAST
3141,ES,FIS
3142,ES,FRC
3143,ES,FMC
3144,ES,FBHS
3145,ES,GPS
3146,ES,GRMN
3147,ES,GNRC
3148,ES,HFC
3149,ES,HOLX
3150,ES,HRL
3151,ES,INFO
3152,ES,IR
3153,ES,K
3154,ES,KR
3155,ES,LDOS
3156,ES,LEN
3157,ES,MMC
3158,ES,MAS
3159,ES,MKC
3160,ES,MXIM
3161,ES,MCHP
3162,ES,MS
3163,ES,NEM
3164,ES,NEE
3165,ES,NKE
3166,ES,NI
3167,ES,NLOK
3168,ES,OXY
3169,ES,OTIS
3170,ES,PCAR
3171,ES,PG
3172,ES,PGR
3173,ES,QRVO
3174,ES,QCOM
3175,ES,RMD
3176,ES,ROL
3177,ES,SWKS
3178,ES,STT
3179,ES,TMUS
3180,ES,TTWO
3181,ES,TGT
3182,ES,TSCO
3183,ES,TT
3184,ES,VLO
3185,ES,VRSK
3186,ES,VZ
3187,ES,WMT
3188,ES,WFC
3189,ES,ZTS
3190,EXC,FRT
3191,EXC,FOXA
3192,EXC,FOX
3193,EXC,HAL
3194,EXC,HAS
3195,EXC,PEAK
3196,EXC,HPE
3197,EXC,HRL
3198,EXC,HST
3199,EXC,HWM
3200,EXC,INCY
3201,EXC,JKHY
3202,EXC,KIM
3203,EXC,LNC
3204,EXC,LYV
3205,EXC,L
3206,EXC,MTB
3207,EXC,MRO
3208,EXC,MPC
3209,EXC,MAR
3210,EXC,OMC
3211,EXC,PRU
3212,EXC,PVH
3213,EXC,REG
3214,EXC,RCL
3215,EXC,SLB
3216,EXC,SPG
3217,EXC,LUV
3218,EXC,TSN
3219,EXC,UDR
3220,EXC,USB
3221,EXC,UAA
3222,EXC,UA
3223,EXC,UAL
3224,EXC,UHS
3225,EXC,UNM
3226,EXC,VLO
3227,EXC,VFC
3228,EXC,WBA
3229,EXC,WFC
3230,EXC,WELL
3231,EXC,WYNN
3232,EXPE,EXR
3233,EXPE,F
3234,EXPE,GM
3235,EXPE,MOS
3236,EXPE,MSI
3237,EXPE,PFG
3238,EXPE,TXT
3239,EXPE,TRV
3240,EXPE,VMC
3241,EXPD,IEX
3242,EXPD,KSU
3243,EXPD,ORCL
3244,EXPD,PWR
3245,EXPD,TT
3246,EXPD,UPS
3247,EXR,GPS
3248,EXR,GM
3249,EXR,GPC
3250,EXR,HPQ
3251,EXR,IQV
3252,EXR,J
3253,EXR,JCI
3254,EXR,MOS
3255,EXR,NWSA
3256,EXR,NWS
3257,EXR,NUE
3258,EXR,RJF
3259,EXR,RHI
3260,EXR,SNA
3261,EXR,SBUX
3262,EXR,TPR
3263,EXR,VMC
3264,XOM,MRO
3265,XOM,REG
3266,XOM,UDR
3267,FFIV,KEYS
3268,FFIV,TWTR
3269,FAST,FMC
3270,FAST,ODFL
3271,FAST,PLD
3272,FAST,DGX
3273,FAST,ZTS
3274,FRT,KMI
3275,FRT,MRO
3276,FRT,NOV
3277,FRT,OXY
3278,FRT,OKE
3279,FRT,SLB
3280,FRT,SPG
3281,FRT,TSN
3282,FRT,UAL
3283,FRT,WFC
3284,FIS,FMC
3285,FIS,FBHS
3286,FIS,FCX
3287,FIS,GPS
3288,FIS,GNRC
3289,FIS,HRL
3290,FIS,ITW
3291,FIS,IPGP
3292,FIS,JBHT
3293,FIS,SJM
3294,FIS,JNJ
3295,FIS,KSU
3296,FIS,K
3297,FIS,KR
3298,FIS,LEN
3299,FIS,LLY
3300,FIS,LOW
3301,FIS,MAS
3302,FIS,MDLZ
3303,FIS,NDAQ
3304,FIS,NWL
3305,FIS,NEM
3306,FIS,NEE
3307,FIS,NKE
3308,FIS,ODFL
3309,FIS,OTIS
3310,FIS,PCAR
3311,FIS,PKG
3312,FIS,PNR
3313,FIS,PEP
3314,FIS,PG
3315,FIS,PGR
3316,FIS,PLD
3317,FIS,PHM
3318,FIS,PWR
3319,FIS,QCOM
3320,FIS,DGX
3321,FIS,RMD
3322,FIS,SWKS
3323,FIS,STT
3324,FIS,TROW
3325,FIS,TTWO
3326,FIS,TGT
3327,FIS,TER
3328,FIS,TSCO
3329,FIS,TT
3330,FIS,UNP
3331,FIS,UPS
3332,FIS,VZ
3333,FIS,VTRS
3334,FIS,VMC
3335,FIS,WMT
3336,FIS,XEL
3337,FIS,ZTS
3338,FITB,IT
3339,FITB,IVZ
3340,FITB,IRM
3341,FITB,LYB
3342,FITB,MET
3343,FITB,MAA
3344,FITB,MHK
3345,FITB,MSI
3346,FITB,NTAP
3347,FITB,ROST
3348,FE,ROL
3349,FE,VRSK
3350,FE,WMT
3351,FRC,FCX
3352,FRC,GRMN
3353,FRC,KEYS
3354,FRC,MCK
3355,FRC,MS
3356,FRC,NXPI
3357,FRC,ORCL
3358,FRC,PM
3359,FRC,TROW
3360,FRC,TXN
3361,FISV,HBAN
3362,FISV,JPM
3363,FISV,MAA
3364,FISV,NTAP
3365,FISV,NTRS
3366,FISV,PM
3367,FISV,PVH
3368,FISV,RL
3369,FISV,STX
3370,FISV,SO
3371,FISV,STT
3372,FLIR,FOXA
3373,FLIR,HIG
3374,FLIR,HES
3375,FLIR,HPE
3376,FLIR,HST
3377,FLIR,KIM
3378,FLIR,LNC
3379,FLIR,NLSN
3380,FLIR,PBCT
3381,FLIR,PXD
3382,FLIR,RL
3383,FLIR,LUV
3384,FLIR,USB
3385,FLIR,WBA
3386,FMC,FBHS
3387,FMC,GNRC
3388,FMC,ICE
3389,FMC,IPGP
3390,FMC,LOW
3391,FMC,MAS
3392,FMC,MNST
3393,FMC,NEE
3394,FMC,NKE
3395,FMC,PCAR
3396,FMC,PYPL
3397,FMC,PEP
3398,FMC,PKI
3399,FMC,PLD
3400,FMC,QRVO
3401,FMC,QCOM
3402,FMC,DGX
3403,FMC,RMD
3404,FMC,ROL
3405,FMC,SWKS
3406,FMC,TTWO
3407,FMC,TGT
3408,FMC,TER
3409,FMC,UPS
3410,FMC,ZTS
3411,F,IT
3412,F,LYV
3413,F,MSI
3414,F,TRV
3415,F,TFC
3416,F,VMC
3417,F,DIS
3418,FTNT,JNJ
3419,FTNT,KHC
3420,FTNT,NDAQ
3421,FTV,PAYX
3422,FTV,XLNX
3423,FBHS,ITW
3424,FBHS,UNP
3425,FOXA,GD
3426,FOXA,GE
3427,FOXA,HAL
3428,FOXA,HIG
3429,FOXA,PEAK
3430,FOXA,HES
3431,FOXA,HPE
3432,FOXA,HST
3433,FOXA,HWM
3434,FOXA,KEY
3435,FOXA,KIM
3436,FOXA,LVS
3437,FOXA,LNC
3438,FOXA,LYV
3439,FOXA,L
3440,FOXA,MTB
3441,FOXA,MRO
3442,FOXA,MAR
3443,FOXA,MGM
3444,FOXA,OMC
3445,FOXA,PBCT
3446,FOXA,PXD
3447,FOXA,PRU
3448,FOXA,RL
3449,FOXA,ROST
3450,FOXA,LUV
3451,FOXA,SYY
3452,FOXA,TFC
3453,FOXA,UDR
3454,FOXA,USB
3455,FOXA,UAA
3456,FOXA,UA
3457,FOXA,UNM
3458,FOXA,WRB
3459,FOXA,WBA
3460,FOXA,WDC
3461,FOXA,WYNN
3462,FOX,GD
3463,FOX,HAL
3464,FOX,HIG
3465,FOX,PEAK
3466,FOX,HES
3467,FOX,HPE
3468,FOX,HST
3469,FOX,HWM
3470,FOX,IBM
3471,FOX,KEY
3472,FOX,KIM
3473,FOX,LVS
3474,FOX,LNC
3475,FOX,L
3476,FOX,MTB
3477,FOX,MRO
3478,FOX,MAR
3479,FOX,MGM
3480,FOX,OMC
3481,FOX,PBCT
3482,FOX,PXD
3483,FOX,PRU
3484,FOX,LUV
3485,FOX,SYY
3486,FOX,UDR
3487,FOX,USB
3488,FOX,UAA
3489,FOX,UA
3490,FOX,UNM
3491,FOX,WRB
3492,FOX,WBA
3493,FOX,WYNN
3494,BEN,TRV
3495,BEN,UAA
3496,BEN,YUM
3497,FCX,TXN
3498,FCX,TRMB
3499,GPS,HCA
3500,GPS,HON
3501,GPS,HPQ
3502,GPS,IEX
3503,GPS,IQV
3504,GPS,IRM
3505,GPS,J
3506,GPS,JCI
3507,GPS,NWSA
3508,GPS,NWS
3509,GPS,PPG
3510,GPS,RJF
3511,GPS,RHI
3512,GPS,SNA
3513,GPS,SBUX
3514,GPS,VMC
3515,GPS,WM
3516,GPS,XYL
3517,GRMN,INFO
3518,GRMN,MCK
3519,GRMN,MS
3520,GRMN,NXPI
3521,GRMN,PNR
3522,GRMN,TROW
3523,IT,GPC
3524,IT,IPG
3525,IT,IVZ
3526,IT,LYB
3527,IT,MET
3528,IT,MHK
3529,IT,MOS
3530,IT,NTAP
3531,IT,PNC
3532,IT,TPR
3533,IT,VMC
3534,GNRC,MXIM
3535,GNRC,MCK
3536,GNRC,DGX
3537,GNRC,STE
3538,GNRC,TROW
3539,GNRC,TGT
3540,GD,HIG
3541,GD,PEAK
3542,GD,HES
3543,GD,KIM
3544,GD,OMC
3545,GD,TSN
3546,GE,MSI
3547,GE,PBCT
3548,GE,PVH
3549,GE,RL
3550,GE,ROST
3551,GIS,NEM
3552,GM,MOS
3553,GM,SBUX
3554,GM,TPR
3555,GM,VMC
3556,GM,DIS
3557,GM,WRK
3558,GPC,HBI
3559,GPC,NUE
3560,GPC,SNA
3561,GPC,VMC
3562,GPC,WM
3563,GL,PEAK
3564,GL,HPE
3565,GL,HWM
3566,GL,HBAN
3567,GL,KIM
3568,GL,LVS
3569,GL,LEG
3570,GL,LUMN
3571,GL,MAR
3572,GL,PVH
3573,GL,ROST
3574,GL,LUV
3575,GL,SYF
3576,GL,SYY
3577,GL,VFC
3578,GL,WDC
3579,GPN,INFO
3580,GPN,IR
3581,GPN,IP
3582,GPN,JBHT
3583,GPN,JNJ
3584,GPN,KSU
3585,GPN,KEYS
3586,GPN,KHC
3587,GPN,LB
3588,GPN,LLY
3589,GPN,LKQ
3590,GPN,MXIM
3591,GPN,MCK
3592,GPN,MDT
3593,GPN,MCHP
3594,GPN,MU
3595,GPN,MS
3596,GPN,NTAP
3597,GPN,NWL
3598,GPN,NEE
3599,GPN,NKE
3600,GPN,NXPI
3601,GPN,ODFL
3602,GPN,PCAR
3603,GPN,PKG
3604,GPN,PENN
3605,GPN,PNR
3606,GPN,PEP
3607,GPN,PM
3608,GPN,PTC
3609,GPN,QRVO
3610,GPN,PWR
3611,GPN,QCOM
3612,GPN,RHI
3613,GPN,STX
3614,GPN,SWKS
3615,GPN,STT
3616,GPN,TROW
3617,GPN,TGT
3618,GPN,TER
3619,GPN,TXN
3620,GPN,TJX
3621,GPN,TT
3622,GPN,WRK
3623,HAL,HIG
3624,HAL,PEAK
3625,HAL,HSIC
3626,HAL,HWM
3627,HAL,KIM
3628,HAL,LYV
3629,HAL,L
3630,HAL,MAR
3631,HAL,MGM
3632,HAL,MSI
3633,HAL,PRU
3634,HAL,SYY
3635,HAL,UAA
3636,HAL,UA
3637,HAL,WRB
3638,HAL,WAB
3639,HAL,WELL
3640,HAL,WYNN
3641,HBI,IQV
3642,HBI,IRM
3643,HBI,JCI
3644,HBI,SEE
3645,HBI,VMC
3646,HBI,WM
3647,HIG,HES
3648,HIG,HPE
3649,HIG,HST
3650,HIG,IBM
3651,HIG,KIM
3652,HIG,LNC
3653,HIG,MPC
3654,HIG,NLSN
3655,HIG,OMC
3656,HIG,PBCT
3657,HIG,PXD
3658,HIG,LUV
3659,HIG,USB
3660,HIG,WBA
3661,HIG,WYNN
3662,HAS,PEAK
3663,HAS,JKHY
3664,HAS,UAA
3665,HAS,UA
3666,HAS,VTR
3667,HAS,VFC
3668,HAS,WELL
3669,HAS,YUM
3670,HCA,HON
3671,HCA,HPQ
3672,HCA,IP
3673,HCA,IPG
3674,HCA,IRM
3675,HCA,MOS
3676,HCA,NTAP
3677,HCA,NWS
3678,HCA,PM
3679,HCA,RJF
3680,HCA,RHI
3681,HCA,SNA
3682,HCA,TJX
3683,HCA,VMC
3684,HCA,WRK
3685,PEAK,HES
3686,PEAK,HPE
3687,PEAK,HST
3688,PEAK,HWM
3689,PEAK,HBAN
3690,PEAK,IBM
3691,PEAK,KIM
3692,PEAK,LVS
3693,PEAK,LNC
3694,PEAK,L
3695,PEAK,LUMN
3696,PEAK,MTB
3697,PEAK,MPC
3698,PEAK,TAP
3699,PEAK,NTRS
3700,PEAK,OMC
3701,PEAK,PBCT
3702,PEAK,PXD
3703,PEAK,PRU
3704,PEAK,PVH
3705,PEAK,RTX
3706,PEAK,SLB
3707,PEAK,LUV
3708,PEAK,SYY
3709,PEAK,TFC
3710,PEAK,USB
3711,PEAK,UHS
3712,PEAK,UNM
3713,PEAK,VFC
3714,PEAK,WRB
3715,PEAK,WYNN
3716,HSIC,HLT
3717,HSIC,IBM
3718,HSIC,IVZ
3719,HSIC,IRM
3720,HSIC,LYB
3721,HSIC,MET
3722,HSIC,MGM
3723,HSIC,MHK
3724,HSIC,NTAP
3725,HSIC,NTRS
3726,HSIC,PAYX
3727,HSIC,PFE
3728,HSIC,PM
3729,HSIC,PNC
3730,HSIC,PFG
3731,HSIC,PRU
3732,HSIC,PEG
3733,HSIC,PVH
3734,HSIC,RSG
3735,HSIC,RHI
3736,HSIC,SEE
3737,HSIC,SYF
3738,HSIC,SYY
3739,HSIC,TXT
3740,HSIC,TFC
3741,HSIC,USB
3742,HSIC,UNM
3743,HSIC,VMC
3744,HSY,HES
3745,HSY,HLT
3746,HSY,HON
3747,HSY,HWM
3748,HSY,HPQ
3749,HSY,HBAN
3750,HSY,IEX
3751,HSY,IR
3752,HSY,IBM
3753,HSY,IP
3754,HSY,IPG
3755,HSY,IVZ
3756,HSY,IQV
3757,HSY,IRM
3758,HSY,J
3759,HSY,JCI
3760,HSY,JPM
3761,HSY,KSU
3762,HSY,KEY
3763,HSY,KEYS
3764,HSY,LB
3765,HSY,LEG
3766,HSY,LYV
3767,HSY,LKQ
3768,HSY,LUMN
3769,HSY,LYB
3770,HSY,MDT
3771,HSY,MET
3772,HSY,MGM
3773,HSY,MCHP
3774,HSY,MU
3775,HSY,MAA
3776,HSY,MHK
3777,HSY,MS
3778,HSY,MOS
3779,HSY,MSI
3780,HSY,NTAP
3781,HSY,NWL
3782,HSY,NWSA
3783,HSY,NWS
3784,HSY,NLSN
3785,HSY,NTRS
3786,HSY,NUE
3787,HSY,NXPI
3788,HSY,ORCL
3789,HSY,PKG
3790,HSY,PNR
3791,HSY,PBCT
3792,HSY,PM
3793,HSY,PXD
3794,HSY,PNC
3795,HSY,PPG
3796,HSY,PFG
3797,HSY,PRU
3798,HSY,PEG
3799,HSY,PVH
3800,HSY,PWR
3801,HSY,RL
3802,HSY,RJF
3803,HSY,RF
3804,HSY,RSG
3805,HSY,RHI
3806,HSY,ROST
3807,HSY,STX
3808,HSY,SEE
3809,HSY,SNA
3810,HSY,LUV
3811,HSY,SWK
3812,HSY,SBUX
3813,HSY,STT
3814,HSY,SYF
3815,HSY,SYY
3816,HSY,TROW
3817,HSY,TPR
3818,HSY,TXN
3819,HSY,TXT
3820,HSY,TJX
3821,HSY,TT
3822,HSY,TFC
3823,HSY,TWTR
3824,HSY,USB
3825,HSY,UNP
3826,HSY,UPS
3827,HSY,UHS
3828,HSY,VFC
3829,HSY,VMC
3830,HSY,WRB
3831,HSY,WAB
3832,HSY,DIS
3833,HSY,WM
3834,HSY,WDC
3835,HSY,WU
3836,HSY,WRK
3837,HSY,WY
3838,HSY,XYL
3839,HSY,ZBH
3840,HSY,ZION
3841,HES,HPE
3842,HES,KEY
3843,HES,KIM
3844,HES,LNC
3845,HES,LUMN
3846,HES,MPC
3847,HES,NLSN
3848,HES,PBCT
3849,HES,PFG
3850,HES,USB
3851,HES,WRB
3852,HPE,HST
3853,HPE,KIM
3854,HPE,MTB
3855,HPE,PBCT
3856,HPE,LUV
3857,HPE,USB
3858,HLT,IP
3859,HLT,IVZ
3860,HLT,JPM
3861,HLT,KEY
3862,HLT,LYB
3863,HLT,MDT
3864,HLT,MGM
3865,HLT,MSI
3866,HLT,NTAP
3867,HLT,NTRS
3868,HLT,PM
3869,HLT,PNC
3870,HLT,PVH
3871,HLT,RL
3872,HLT,RF
3873,HLT,ROST
3874,HLT,DIS
3875,HLT,WRK
3876,HFC,TSN
3877,HOLX,ICE
3878,HOLX,IPGP
3879,HOLX,NKE
3880,HOLX,PCAR
3881,HOLX,PKI
3882,HOLX,QCOM
3883,HOLX,TTWO
3884,HOLX,UNP
3885,HON,IP
3886,HON,PAYX
3887,HON,SBUX
3888,HON,TJX
3889,HON,WRK
3890,HRL,NEM
3891,HRL,NI
3892,HRL,NLOK
3893,HRL,OXY
3894,HRL,OTIS
3895,HST,KIM
3896,HST,LNC
3897,HST,L
3898,HST,MTB
3899,HST,TAP
3900,HST,OMC
3901,HST,OKE
3902,HST,PXD
3903,HST,LUV
3904,HST,TSN
3905,HST,UDR
3906,HST,USB
3907,HST,UAA
3908,HST,UA
3909,HST,UNM
3910,HST,WBA
3911,HST,WYNN
3912,HWM,PVH
3913,HWM,RL
3914,HWM,ROST
3915,HWM,LUV
3916,HWM,SYY
3917,HPQ,IPG
3918,HPQ,ORCL
3919,HPQ,PM
3920,HPQ,RHI
3921,HBAN,LYV
3922,HBAN,MGM
3923,HBAN,PXD
3924,HBAN,PVH
3925,HBAN,ROST
3926,HBAN,SYY
3927,HBAN,TFC
3928,HBAN,WRB
3929,IEX,IR
3930,IEX,ICE
3931,IEX,LB
3932,IEX,LEN
3933,IEX,MDLZ
3934,IEX,NWSA
3935,IEX,NWS
3936,IEX,NXPI
3937,IEX,ORCL
3938,IEX,PKG
3939,IEX,PNR
3940,IEX,PWR
3941,IEX,STE
3942,IEX,TXN
3943,IEX,TT
3944,IEX,TRMB
3945,IEX,UNP
3946,IEX,UPS
3947,IEX,WHR
3948,INFO,ITW
3949,INFO,JBHT
3950,INFO,KSU
3951,INFO,KHC
3952,INFO,LEN
3953,INFO,MMC
3954,INFO,MCK
3955,INFO,PENN
3956,INFO,PNR
3957,INFO,QRVO
3958,INFO,DGX
3959,INFO,TROW
3960,INFO,TGT
3961,INFO,TT
3962,ITW,LEN
3963,ITW,LOW
3964,ITW,MCK
3965,ITW,PLD
3966,ITW,DGX
3967,ITW,SWKS
3968,ITW,TGT
3969,INCY,IBM
3970,INCY,IRM
3971,INCY,JKHY
3972,INCY,KEY
3973,INCY,KIM
3974,INCY,KMI
3975,INCY,LW
3976,INCY,LVS
3977,INCY,LNC
3978,INCY,L
3979,INCY,LUMN
3980,INCY,MTB
3981,INCY,MRO
3982,INCY,MPC
3983,INCY,MAR
3984,INCY,MGM
3985,INCY,TAP
3986,INCY,MSI
3987,INCY,NTAP
3988,INCY,NLSN
3989,INCY,NI
3990,INCY,NCLH
3991,INCY,NOV
3992,INCY,OXY
3993,INCY,OMC
3994,INCY,OKE
3995,INCY,OTIS
3996,INCY,PBCT
3997,INCY,PNW
3998,INCY,PXD
3999,INCY,PPL
4000,INCY,PRU
4001,INCY,PEG
4002,INCY,PVH
4003,INCY,RL
4004,INCY,RTX
4005,INCY,O
4006,INCY,REG
4007,INCY,ROST
4008,INCY,RCL
4009,INCY,SLB
4010,INCY,SRE
4011,INCY,SPG
4012,INCY,LUV
4013,INCY,SBUX
4014,INCY,SYF
4015,INCY,SYY
4016,INCY,TSN
4017,INCY,UDR
4018,INCY,USB
4019,INCY,UAA
4020,INCY,UA
4021,INCY,UAL
4022,INCY,UHS
4023,INCY,UNM
4024,INCY,VLO
4025,INCY,VTR
4026,INCY,VFC
4027,INCY,VNO
4028,INCY,WRB
4029,INCY,WBA
4030,INCY,WFC
4031,INCY,WELL
4032,INCY,WDC
4033,INCY,WMB
4034,INCY,WYNN
4035,INCY,YUM
4036,IR,IP
4037,IR,LB
4038,IR,NXPI
4039,IR,PTC
4040,IR,PWR
4041,IR,TEL
4042,IR,TT
4043,IR,TRMB
4044,IR,XYL
4045,ICE,IPGP
4046,ICE,JBHT
4047,ICE,JNJ
4048,ICE,KEYS
4049,ICE,KHC
4050,ICE,LEN
4051,ICE,MXIM
4052,ICE,MCK
4053,ICE,MCHP
4054,ICE,MU
4055,ICE,MS
4056,ICE,NWL
4057,ICE,NKE
4058,ICE,NXPI
4059,ICE,PCAR
4060,ICE,PKG
4061,ICE,PYPL
4062,ICE,PENN
4063,ICE,PNR
4064,ICE,PKI
4065,ICE,PTC
4066,ICE,QRVO
4067,ICE,PWR
4068,ICE,QCOM
4069,ICE,RHI
4070,ICE,SWKS
4071,ICE,STE
4072,ICE,TROW
4073,ICE,TGT
4074,ICE,TER
4075,ICE,TXN
4076,ICE,TT
4077,ICE,TRMB
4078,ICE,UNP
4079,IBM,IP
4080,IBM,IPG
4081,IBM,IVZ
4082,IBM,IRM
4083,IBM,JKHY
4084,IBM,J
4085,IBM,JCI
4086,IBM,JPM
4087,IBM,KEY
4088,IBM,KIM
4089,IBM,LB
4090,IBM,LVS
4091,IBM,LEG
4092,IBM,LNC
4093,IBM,LYV
4094,IBM,LKQ
4095,IBM,L
4096,IBM,LUMN
4097,IBM,LYB
4098,IBM,MTB
4099,IBM,MRO
4100,IBM,MPC
4101,IBM,MAR
4102,IBM,MDT
4103,IBM,MET
4104,IBM,MGM
4105,IBM,MHK
4106,IBM,TAP
4107,IBM,MOS
4108,IBM,MSI
4109,IBM,NTAP
4110,IBM,NWL
4111,IBM,NWSA
4112,IBM,NWS
4113,IBM,NLSN
4114,IBM,NTRS
4115,IBM,NUE
4116,IBM,OMC
4117,IBM,OKE
4118,IBM,ORCL
4119,IBM,PKG
4120,IBM,PAYX
4121,IBM,PBCT
4122,IBM,PSX
4123,IBM,PXD
4124,IBM,PNC
4125,IBM,PPG
4126,IBM,PFG
4127,IBM,PRU
4128,IBM,PVH
4129,IBM,RL
4130,IBM,RJF
4131,IBM,RTX
4132,IBM,REG
4133,IBM,RF
4134,IBM,RHI
4135,IBM,ROST
4136,IBM,RCL
4137,IBM,SLB
4138,IBM,STX
4139,IBM,SEE
4140,IBM,SRE
4141,IBM,SPG
4142,IBM,SNA
4143,IBM,LUV
4144,IBM,SBUX
4145,IBM,SYF
4146,IBM,SYY
4147,IBM,TPR
4148,IBM,TXT
4149,IBM,TJX
4150,IBM,TRV
4151,IBM,TFC
4152,IBM,TWTR
4153,IBM,TSN
4154,IBM,UDR
4155,IBM,USB
4156,IBM,UAA
4157,IBM,UA
4158,IBM,UHS
4159,IBM,UNM
4160,IBM,VLO
4161,IBM,VTR
4162,IBM,VFC
4163,IBM,VIAC
4164,IBM,VMC
4165,IBM,WRB
4166,IBM,WBA
4167,IBM,DIS
4168,IBM,WM
4169,IBM,WFC
4170,IBM,WELL
4171,IBM,WDC
4172,IBM,WU
4173,IBM,WRK
4174,IBM,WY
4175,IBM,WMB
4176,IBM,WYNN
4177,IBM,YUM
4178,IBM,ZION
4179,IP,PAYX
4180,IP,PPG
4181,IP,SBUX
4182,IP,TJX
4183,IP,XYL
4184,IPG,MHK
4185,IPG,MOS
4186,IPG,NTAP
4187,IPG,PM
4188,IPG,RJF
4189,IPG,RHI
4190,IFF,JNPR
4191,IFF,PXD
4192,IVZ,MET
4193,IVZ,MHK
4194,IVZ,MSI
4195,IVZ,NTAP
4196,IVZ,TPR
4197,IVZ,VMC
4198,IPGP,MCK
4199,IPGP,MNST
4200,IPGP,NEE
4201,IPGP,NKE
4202,IPGP,PCAR
4203,IPGP,PYPL
4204,IPGP,PENN
4205,IPGP,PKI
4206,IPGP,QCOM
4207,IPGP,STE
4208,IPGP,TMUS
4209,IPGP,TTWO
4210,IPGP,TGT
4211,IPGP,TER
4212,IPGP,UNP
4213,IPGP,ZTS
4214,IQV,JCI
4215,IQV,LB
4216,IQV,NWSA
4217,IQV,NWS
4218,IQV,NUE
4219,IQV,ORCL
4220,IQV,PWR
4221,IQV,RHI
4222,IQV,SNA
4223,IQV,TT
4224,IRM,MAA
4225,IRM,MOS
4226,IRM,NUE
4227,IRM,RJF
4228,IRM,RHI
4229,IRM,SNA
4230,IRM,VMC
4231,JKHY,TAP
4232,JKHY,NCLH
4233,JKHY,NOV
4234,JKHY,OXY
4235,JKHY,OKE
4236,JKHY,RCL
4237,JKHY,SLB
4238,JKHY,SPG
4239,JKHY,UAL
4240,JKHY,VTR
4241,JKHY,WELL
4242,J,NWL
4243,J,NWSA
4244,J,NWS
4245,J,NXPI
4246,J,ORCL
4247,J,PM
4248,J,STX
4249,J,SNA
4250,JBHT,KHC
4251,JBHT,LEN
4252,JBHT,MCK
4253,JBHT,NDAQ
4254,JBHT,PLD
4255,SJM,LB
4256,SJM,ORCL
4257,SJM,PGR
4258,JNJ,LLY
4259,JNJ,MCK
4260,JNJ,NDAQ
4261,JNJ,ODFL
4262,JNJ,PYPL
4263,JNJ,SWKS
4264,JCI,MOS
4265,JCI,NWSA
4266,JCI,NWS
4267,JCI,RHI
4268,JCI,SNA
4269,JCI,VMC
4270,JPM,LUMN
4271,JPM,MAA
4272,JPM,NTAP
4273,JPM,PM
4274,JPM,ROST
4275,JNPR,LNC
4276,JNPR,LYB
4277,JNPR,MET
4278,JNPR,MGM
4279,JNPR,MHK
4280,JNPR,MOS
4281,JNPR,NTAP
4282,JNPR,NWSA
4283,JNPR,NLSN
4284,JNPR,NUE
4285,JNPR,PFE
4286,JNPR,PXD
4287,JNPR,PNC
4288,JNPR,PFG
4289,JNPR,PRU
4290,JNPR,RHI
4291,JNPR,SEE
4292,JNPR,SNA
4293,JNPR,SYF
4294,JNPR,SYY
4295,JNPR,TPR
4296,JNPR,TXT
4297,JNPR,TJX
4298,JNPR,TRV
4299,JNPR,TFC
4300,JNPR,USB
4301,JNPR,UAA
4302,JNPR,UA
4303,JNPR,UNM
4304,JNPR,VLO
4305,JNPR,VIAC
4306,JNPR,VMC
4307,JNPR,WRB
4308,JNPR,WBA
4309,JNPR,DIS
4310,JNPR,WM
4311,JNPR,WY
4312,JNPR,WMB
4313,JNPR,WYNN
4314,JNPR,YUM
4315,JNPR,ZBH
4316,JNPR,ZION
4317,KSU,LEN
4318,KSU,MCK
4319,KEY,MGM
4320,KEY,MAA
4321,KEY,MSI
4322,KEY,NLSN
4323,KEY,PVH
4324,KEY,RL
4325,KEY,ROST
4326,KEY,SYY
4327,KEYS,MCK
4328,KEYS,MCHP
4329,KEYS,MU
4330,KEYS,NWL
4331,KEYS,PKG
4332,KMB,KMI
4333,KMB,MRO
4334,KMB,TAP
4335,KMB,NI
4336,KMB,NOV
4337,KMB,OXY
4338,KMB,OKE
4339,KMB,UDR
4340,KMB,VLO
4341,KMB,VRSK
4342,KMB,VNO
4343,KMB,WBA
4344,KMB,WFC
4345,KMB,WYNN
4346,KIM,MTB
4347,KIM,MPC
4348,KIM,PVH
4349,KIM,LUV
4350,KIM,USB
4351,KIM,WBA
4352,KIM,WYNN
4353,KMI,MRO
4354,KMI,NOV
4355,KMI,TSN
4356,KMI,VNO
4357,KMI,WBA
4358,KMI,WFC
4359,KHC,NDAQ
4360,KHC,TROW
4361,KHC,TSCO
4362,KR,NLOK
4363,KR,OTIS
4364,LB,ORCL
4365,LB,TRMB
4366,LW,LVS
4367,LW,LUMN
4368,LW,PPL
4369,LW,WU
4370,LVS,LUMN
4371,LVS,MTB
4372,LVS,OKE
4373,LVS,PPL
4374,LVS,PVH
4375,LVS,RTX
4376,LVS,ROST
4377,LVS,SRE
4378,LVS,SO
4379,LVS,SYY
4380,LVS,TSN
4381,LVS,UDR
4382,LVS,USB
4383,LVS,VFC
4384,LVS,WBA
4385,LVS,WELL
4386,LVS,WU
4387,LDOS,LLY
4388,LEN,LOW
4389,LEN,NDAQ
4390,LEN,PLD
4391,LEN,PWR
4392,LEN,TROW
4393,LEN,TXN
4394,LEN,UNP
4395,LNC,NLSN
4396,LNC,PXD
4397,LNC,LUV
4398,LNC,USB
4399,LNC,UAA
4400,LYV,MGM
4401,LYV,MSI
4402,LYV,NTAP
4403,LYV,NLSN
4404,LYV,PXD
4405,LYV,PFG
4406,LYV,PEG
4407,LYV,PVH
4408,LYV,ROST
4409,LYV,SYF
4410,LYV,SYY
4411,LYV,TXT
4412,LYV,VIAC
4413,LKQ,MDT
4414,LKQ,NWL
4415,LKQ,PM
4416,LKQ,TJX
4417,LKQ,WY
4418,LKQ,ZBH
4419,L,MAR
4420,L,OMC
4421,LOW,MAS
4422,LOW,PLD
4423,LOW,DGX
4424,LOW,UNP
4425,LOW,UPS
4426,LUMN,MAA
4427,LUMN,NTRS
4428,LUMN,PBCT
4429,LUMN,PM
4430,LUMN,PNC
4431,LUMN,PVH
4432,LUMN,RF
4433,LUMN,ROST
4434,LUMN,SYY
4435,LUMN,TFC
4436,LUMN,USB
4437,LUMN,WRB
4438,LUMN,WDC
4439,LUMN,ZION
4440,LYB,MGM
4441,LYB,MAA
4442,LYB,NTAP
4443,LYB,PAYX
4444,LYB,PNC
4445,LYB,RF
4446,LYB,VMC
4447,LYB,DIS
4448,MTB,TAP
4449,MTB,OMC
4450,MTB,UDR
4451,MTB,WBA
4452,MTB,WYNN
4453,MRO,OKE
4454,MRO,REG
4455,MRO,TSN
4456,MRO,UDR
4457,MRO,UA
4458,MRO,VTR
4459,MRO,WELL
4460,MPC,WBA
4461,MPC,WYNN
4462,MAR,NLSN
4463,MAR,PXD
4464,MAR,PVH
4465,MAR,LUV
4466,MAR,SYY
4467,MAR,USB
4468,MAR,UNM
4469,MAR,WBA
4470,MMC,PLD
4471,MMC,TGT
4472,MAS,PLD
4473,MXIM,MCK
4474,MXIM,PENN
4475,MXIM,STE
4476,MXIM,TXN
4477,MXIM,TRMB
4478,MCK,MCHP
4479,MCK,MU
4480,MCK,MNST
4481,MCK,MS
4482,MCK,NWL
4483,MCK,NWSA
4484,MCK,NKE
4485,MCK,NXPI
4486,MCK,ODFL
4487,MCK,PKG
4488,MCK,PYPL
4489,MCK,PNR
4490,MCK,PEP
4491,MCK,PKI
4492,MCK,PM
4493,MCK,PLD
4494,MCK,PTC
4495,MCK,QRVO
4496,MCK,PWR
4497,MCK,QCOM
4498,MCK,DGX
4499,MCK,STX
4500,MCK,SWKS
4501,MCK,STE
4502,MCK,TROW
4503,MCK,TGT
4504,MCK,TER
4505,MCK,TXN
4506,MCK,TJX
4507,MCK,TSCO
4508,MCK,TT
4509,MCK,TRMB
4510,MCK,UNP
4511,MCK,UPS
4512,MCK,ZTS
4513,MDT,MET
4514,MDT,MHK
4515,MDT,MOS
4516,MDT,NTAP
4517,MDT,NWL
4518,MDT,NWS
4519,MDT,NTRS
4520,MDT,NXPI
4521,MDT,PAYX
4522,MDT,PNR
4523,MDT,PM
4524,MDT,PNC
4525,MDT,PPG
4526,MDT,PVH
4527,MDT,RJF
4528,MDT,RF
4529,MDT,RHI
4530,MDT,ROST
4531,MDT,SNA
4532,MDT,SWK
4533,MDT,STT
4534,MDT,SYF
4535,MDT,TPR
4536,MDT,TJX
4537,MDT,TFC
4538,MDT,VMC
4539,MDT,WRK
4540,MDT,WY
4541,MDT,ZBH
4542,MRK,MU
4543,MRK,MNST
4544,MRK,MS
4545,MRK,NDAQ
4546,MRK,NEM
4547,MRK,NWSA
4548,MRK,NWS
4549,MRK,NLOK
4550,MRK,NCLH
4551,MRK,NOV
4552,MRK,OXY
4553,MRK,ODFL
4554,MRK,OKE
4555,MRK,ORCL
4556,MRK,OTIS
4557,MRK,PYPL
4558,MRK,PENN
4559,MRK,PRGO
4560,MRK,PSX
4561,MRK,PNW
4562,MRK,PPL
4563,MRK,PGR
4564,MRK,PTC
4565,MRK,PVH
4566,MRK,QRVO
4567,MRK,PWR
4568,MRK,RTX
4569,MRK,O
4570,MRK,REG
4571,MRK,RMD
4572,MRK,ROL
4573,MRK,RCL
4574,MRK,SLB
4575,MRK,STX
4576,MRK,SRE
4577,MRK,SPG
4578,MRK,SWKS
4579,MRK,LUV
4580,MRK,TMUS
4581,MRK,TROW
4582,MRK,TTWO
4583,MRK,TGT
4584,MRK,TER
4585,MRK,TXN
4586,MRK,TSCO
4587,MRK,TT
4588,MRK,TRMB
4589,MRK,TWTR
4590,MRK,TSN
4591,MRK,USB
4592,MRK,UAA
4593,MRK,UA
4594,MRK,UAL
4595,MRK,UNM
4596,MRK,VLO
4597,MRK,VTR
4598,MRK,VFC
4599,MRK,VTRS
4600,MRK,VNO
4601,MRK,WBA
4602,MRK,WFC
4603,MRK,WELL
4604,MRK,WU
4605,MRK,WYNN
4606,MET,MAA
4607,MET,MHK
4608,MET,MOS
4609,MET,NTAP
4610,MGM,MSI
4611,MGM,NTRS
4612,MGM,PRU
4613,MGM,PVH
4614,MGM,RL
4615,MGM,ROST
4616,MGM,SYF
4617,MGM,SYY
4618,MGM,TFC
4619,MGM,ZION
4620,MCHP,MS
4621,MCHP,NWL
4622,MCHP,NXPI
4623,MCHP,PKG
4624,MCHP,PNR
4625,MCHP,DGX
4626,MCHP,TGT
4627,MCHP,TEL
4628,MAA,MHK
4629,MAA,MOS
4630,MAA,MSI
4631,MAA,NTAP
4632,MAA,NWL
4633,MAA,NLSN
4634,MAA,NTRS
4635,MAA,NUE
4636,MAA,ORCL
4637,MAA,PBCT
4638,MAA,PM
4639,MAA,PNC
4640,MAA,PVH
4641,MAA,RL
4642,MAA,RJF
4643,MAA,RF
4644,MAA,RHI
4645,MAA,STX
4646,MAA,SNA
4647,MAA,STT
4648,MAA,TPR
4649,MAA,TJX
4650,MAA,TFC
4651,MAA,VMC
4652,MAA,WRB
4653,MAA,WDC
4654,MAA,WRK
4655,MAA,WY
4656,MAA,ZBH
4657,MAA,ZION
4658,MHK,MOS
4659,MHK,NTAP
4660,MHK,TPR
4661,TAP,OMC
4662,TAP,REG
4663,TAP,UDR
4664,TAP,WBA
4665,TAP,WFC
4666,MDLZ,MNST
4667,MDLZ,MS
4668,MDLZ,NWL
4669,MDLZ,NWSA
4670,MDLZ,NWS
4671,MDLZ,NKE
4672,MDLZ,NXPI
4673,MDLZ,ODFL
4674,MDLZ,ORCL
4675,MDLZ,PCAR
4676,MDLZ,PKG
4677,MDLZ,PYPL
4678,MDLZ,PENN
4679,MDLZ,PNR
4680,MDLZ,PKI
4681,MDLZ,PM
4682,MDLZ,PPG
4683,MDLZ,PGR
4684,MDLZ,PTC
4685,MDLZ,PHM
4686,MDLZ,QRVO
4687,MDLZ,PWR
4688,MDLZ,QCOM
4689,MDLZ,DGX
4690,MDLZ,RSG
4691,MDLZ,RHI
4692,MDLZ,ROL
4693,MDLZ,STX
4694,MDLZ,SEE
4695,MDLZ,SWKS
4696,MDLZ,SNA
4697,MDLZ,SWK
4698,MDLZ,SBUX
4699,MDLZ,STE
4700,MDLZ,TMUS
4701,MDLZ,TROW
4702,MDLZ,TTWO
4703,MDLZ,TGT
4704,MDLZ,TEL
4705,MDLZ,TER
4706,MDLZ,TXN
4707,MDLZ,TSCO
4708,MDLZ,TT
4709,MDLZ,TRMB
4710,MDLZ,TWTR
4711,MDLZ,UNP
4712,MDLZ,UPS
4713,MDLZ,DIS
4714,MDLZ,WM
4715,MDLZ,WRK
4716,MDLZ,WY
4717,MDLZ,WHR
4718,MDLZ,XYL
4719,MNST,PYPL
4720,MNST,PKI
4721,MNST,PGR
4722,MNST,TMUS
4723,MS,NXPI
4724,MS,TRMB
4725,MOS,SBUX
4726,MOS,TPR
4727,MOS,VMC
4728,MSI,NTAP
4729,MSI,NLSN
4730,MSI,NTRS
4731,MSI,NUE
4732,MSI,PAYX
4733,MSI,PBCT
4734,MSI,PM
4735,MSI,PNC
4736,MSI,PFG
4737,MSI,PVH
4738,MSI,RJF
4739,MSI,RF
4740,MSI,RHI
4741,MSI,LUV
4742,MSI,SBUX
4743,MSI,SYF
4744,MSI,TPR
4745,MSI,TXT
4746,MSI,WRK
4747,MSI,ZION
4748,NDAQ,ODFL
4749,NDAQ,PLD
4750,NDAQ,DGX
4751,NTAP,PNC
4752,NTAP,RJF
4753,NTAP,RF
4754,NTAP,ROST
4755,NTAP,TPR
4756,NTAP,VMC
4757,NTAP,WRK
4758,NWL,TJX
4759,NWL,WY
4760,NWL,ZBH
4761,NEM,NLOK
4762,NWSA,ORCL
4763,NWSA,PM
4764,NWSA,RHI
4765,NWSA,SNA
4766,NWS,ORCL
4767,NWS,PM
4768,NWS,RHI
4769,NWS,SNA
4770,NWS,VMC
4771,NEE,NKE
4772,NEE,PCAR
4773,NEE,QRVO
4774,NEE,QCOM
4775,NEE,RMD
4776,NEE,SWKS
4777,NEE,TGT
4778,NEE,TER
4779,NLSN,PXD
4780,NLSN,PFG
4781,NKE,PKI
4782,NKE,QCOM
4783,NKE,TTWO
4784,NKE,TGT
4785,NI,WMT
4786,NTRS,PNC
4787,NTRS,ROST
4788,NTRS,SYY
4789,NTRS,TJX
4790,NTRS,TFC
4791,NTRS,VMC
4792,NTRS,WRB
4793,NLOK,NOV
4794,NLOK,OTIS
4795,NCLH,NOV
4796,NCLH,UAL
4797,NOV,OKE
4798,NOV,PSX
4799,NOV,SRE
4800,NOV,TSN
4801,NOV,UAL
4802,NOV,VNO
4803,NOV,WELL
4804,NRG,PXD
4805,NRG,SYY
4806,NRG,TFC
4807,NRG,TSN
4808,NRG,VIAC
4809,NRG,WAB
4810,NRG,WU
4811,NRG,WYNN
4812,NRG,ZION
4813,NXPI,PNR
4814,NXPI,TROW
4815,OXY,PSX
4816,ODFL,PLD
4817,OMC,TSN
4818,OMC,UDR
4819,OKE,SLB
4820,OKE,TSN
4821,OKE,UDR
4822,OKE,WBA
4823,OKE,WFC
4824,ORCL,RHI
4825,OTIS,PYPL
4826,OTIS,PLD
4827,OTIS,QCOM
4828,OTIS,RMD
4829,PCAR,PKI
4830,PCAR,PLD
4831,PCAR,QRVO
4832,PCAR,DGX
4833,PCAR,SWKS
4834,PCAR,TGT
4835,PKG,TJX
4836,PAYX,TJX
4837,PAYX,VMC
4838,PAYX,WRK
4839,PYPL,DGX
4840,PENN,TER
4841,PNR,TROW
4842,PNR,TJX
4843,PNR,UNP
4844,PBCT,RL
4845,PBCT,ROST
4846,PEP,PKI
4847,PEP,PM
4848,PEP,PNC
4849,PEP,PPG
4850,PEP,PGR
4851,PEP,PLD
4852,PEP,PTC
4853,PEP,PHM
4854,PEP,QRVO
4855,PEP,PWR
4856,PEP,QCOM
4857,PEP,DGX
4858,PEP,RJF
4859,PEP,RF
4860,PEP,RSG
4861,PEP,RMD
4862,PEP,RHI
4863,PEP,ROL
4864,PEP,STX
4865,PEP,SEE
4866,PEP,SWKS
4867,PEP,SNA
4868,PEP,SWK
4869,PEP,SBUX
4870,PEP,STT
4871,PEP,STE
4872,PEP,TMUS
4873,PEP,TROW
4874,PEP,TTWO
4875,PEP,TPR
4876,PEP,TGT
4877,PEP,TEL
4878,PEP,TER
4879,PEP,TXN
4880,PEP,TJX
4881,PEP,TSCO
4882,PEP,TT
4883,PEP,TRMB
4884,PEP,TWTR
4885,PEP,UNP
4886,PEP,UPS
4887,PEP,VRSK
4888,PEP,VZ
4889,PEP,VMC
4890,PEP,WMT
4891,PEP,DIS
4892,PEP,WRK
4893,PEP,WY
4894,PEP,WHR
4895,PEP,XLNX
4896,PEP,XYL
4897,PEP,ZTS
4898,PKI,QCOM
4899,PKI,TTWO
4900,PKI,UNP
4901,PRGO,PFE
4902,PRGO,PNC
4903,PRGO,PPG
4904,PRGO,PFG
4905,PRGO,PGR
4906,PRGO,PTC
4907,PRGO,PEG
4908,PRGO,PHM
4909,PRGO,QRVO
4910,PRGO,PWR
4911,PRGO,QCOM
4912,PRGO,DGX
4913,PRGO,RL
4914,PRGO,RJF
4915,PRGO,RF
4916,PRGO,RSG
4917,PRGO,RHI
4918,PRGO,ROST
4919,PRGO,STX
4920,PRGO,SEE
4921,PRGO,SWKS
4922,PRGO,SNA
4923,PRGO,SWK
4924,PRGO,SBUX
4925,PRGO,STE
4926,PRGO,SYF
4927,PRGO,TMUS
4928,PRGO,TROW
4929,PRGO,TTWO
4930,PRGO,TPR
4931,PRGO,TGT
4932,PRGO,TEL
4933,PRGO,TER
4934,PRGO,TXN
4935,PRGO,TXT
4936,PRGO,TJX
4937,PRGO,TSCO
4938,PRGO,TT
4939,PRGO,TRMB
4940,PRGO,TWTR
4941,PRGO,UNP
4942,PRGO,UPS
4943,PRGO,VIAC
4944,PRGO,VMC
4945,PRGO,DIS
4946,PRGO,WM
4947,PRGO,WRK
4948,PRGO,WHR
4949,PRGO,WMB
4950,PRGO,XLNX
4951,PRGO,XYL
4952,PFE,PPG
4953,PFE,PTC
4954,PFE,QRVO
4955,PFE,PWR
4956,PFE,QCOM
4957,PFE,RJF
4958,PFE,RF
4959,PFE,RSG
4960,PFE,RHI
4961,PFE,SEE
4962,PFE,SWKS
4963,PFE,SNA
4964,PFE,SBUX
4965,PFE,STE
4966,PFE,SYF
4967,PFE,TGT
4968,PFE,TEL
4969,PFE,TXN
4970,PFE,TXT
4971,PFE,TJX
4972,PFE,TSCO
4973,PFE,TT
4974,PFE,TRV
4975,PFE,TRMB
4976,PFE,TWTR
4977,PFE,UNP
4978,PFE,VMC
4979,PFE,WM
4980,PFE,WRK
4981,PFE,WY
4982,PFE,WHR
4983,PFE,WMB
4984,PFE,XLNX
4985,PFE,XYL
4986,PM,PNC
4987,PM,PWR
4988,PM,RJF
4989,PM,RF
4990,PM,RHI
4991,PM,STX
4992,PM,SNA
4993,PM,STT
4994,PM,TROW
4995,PM,TPR
4996,PM,TT
4997,PM,VMC
4998,PM,WRK
4999,PM,WY
5000,PM,ZBH
5001,PSX,TSN
5002,PNW,RTX
5003,PNW,O
5004,PNW,REG
5005,PNW,RCL
5006,PNW,SLB
5007,PNW,SPG
5008,PNW,LUV
5009,PNW,TSN
5010,PNW,UAA
5011,PNW,UA
5012,PNW,UAL
5013,PNW,VNO
5014,PNW,WBA
5015,PNW,WFC
5016,PNW,WELL
5017,PXD,PFG
5018,PXD,PRU
5019,PXD,SYF
5020,PXD,UAA
5021,PXD,UA
5022,PXD,WRB
5023,PXD,WYNN
5024,PNC,ROST
5025,PPG,SWK
5026,PPG,TJX
5027,PPG,WY
5028,PFG,SYF
5029,PFG,TXT
5030,PFG,TRV
5031,PFG,WRB
5032,PG,ZTS
5033,PLD,QRVO
5034,PLD,DGX
5035,PLD,SWKS
5036,PLD,TMUS
5037,PLD,TROW
5038,PLD,TGT
5039,PLD,TER
5040,PLD,TSCO
5041,PLD,UNP
5042,PLD,UPS
5043,PLD,ZTS
5044,PRU,PVH
5045,PRU,TXT
5046,PRU,WRB
5047,PTC,TRMB
5048,PEG,PVH
5049,PEG,RF
5050,PEG,SEE
5051,PEG,SNA
5052,PEG,LUV
5053,PEG,SYF
5054,PEG,SYY
5055,PEG,TXT
5056,PEG,TFC
5057,PEG,USB
5058,PEG,UHS
5059,PEG,VFC
5060,PEG,VMC
5061,PEG,WRB
5062,PEG,WAB
5063,PEG,YUM
5064,PEG,ZBH
5065,PEG,ZION
5066,PHM,SWK
5067,PHM,TROW
5068,PHM,UNP
5069,PHM,WHR
5070,PHM,ZBH
5071,PVH,RF
5072,PVH,ROST
5073,PVH,SO
5074,PVH,LUV
5075,PVH,SYF
5076,PVH,SYY
5077,PVH,TXT
5078,PVH,TJX
5079,PVH,TRV
5080,PVH,TFC
5081,PVH,USB
5082,PVH,UHS
5083,PVH,VMC
5084,PVH,WRB
5085,PVH,WAB
5086,PVH,DIS
5087,PVH,WYNN
5088,PVH,ZION
5089,QRVO,TGT
5090,QRVO,TER
5091,PWR,TXN
5092,PWR,TT
5093,QCOM,TTWO
5094,DGX,ROL
5095,DGX,STX
5096,DGX,SWKS
5097,DGX,STE
5098,DGX,TMUS
5099,DGX,TROW
5100,DGX,TGT
5101,DGX,TER
5102,DGX,TXN
5103,DGX,TSCO
5104,DGX,TT
5105,DGX,TRMB
5106,DGX,UNP
5107,DGX,UPS
5108,DGX,WMT
5109,DGX,ZTS
5110,RL,ROST
5111,RL,WYNN
5112,RJF,RHI
5113,RJF,SNA
5114,RJF,VMC
5115,RTX,SRE
5116,RTX,WBA
5117,O,RCL
5118,O,SLB
5119,O,SRE
5120,O,SPG
5121,O,TSN
5122,O,UHS
5123,O,VLO
5124,O,VFC
5125,O,VNO
5126,O,WBA
5127,O,WFC
5128,O,WELL
5129,REG,SLB
5130,REG,TSN
5131,REG,UDR
5132,REG,WBA
5133,RSG,SWK
5134,RSG,TT
5135,RSG,UPS
5136,RSG,XYL
5137,RHI,SNA
5138,RHI,VMC
5139,ROL,WMT
5140,ROST,LUV
5141,ROST,SYF
5142,ROST,TPR
5143,ROST,TFC
5144,ROST,WDC
5145,ROST,ZION
5146,RCL,WELL
5147,SLB,SPG
5148,SLB,TSN
5149,SLB,WELL
5150,SRE,SPG
5151,SRE,LUV
5152,SRE,TSN
5153,SRE,UDR
5154,SRE,USB
5155,SRE,UAL
5156,SRE,VLO
5157,SRE,VFC
5158,SRE,VNO
5159,SRE,WBA
5160,SRE,WFC
5161,SPG,TSN
5162,SPG,WBA
5163,SPG,WELL
5164,SO,WRK
5165,LUV,SYY
5166,LUV,USB
5167,LUV,WRB
5168,SBUX,VMC
5169,STE,TROW
5170,STE,TGT
5171,STE,TER
5172,STE,TXN
5173,STE,TT
5174,STE,TRMB
5175,STE,UNP
5176,STE,UPS
5177,SYF,TXT
5178,SYF,TFC
5179,SYF,WRB
5180,SYF,WAB
5181,SYY,TFC
5182,SYY,VFC
5183,SYY,WAB
5184,TGT,TER
5185,TGT,TT
5186,TGT,UNP
5187,TXN,TT
5188,TXN,TRMB
5189,TXN,UNP
5190,TXT,TRV
5191,TXT,VMC
5192,TXT,YUM
5193,TJX,VMC
5194,TJX,DIS
5195,TJX,WRK
5196,TJX,WY
5197,TJX,XYL
5198,TJX,ZBH
5199,TT,UNP
5200,TWTR,XYL
5201,TSN,UDR
5202,TSN,VLO
5203,TSN,VNO
5204,TSN,WFC
5205,TSN,WELL
5206,UDR,USB
5207,UDR,VLO
5208,UDR,WBA
5209,UDR,WFC
5210,UDR,WYNN
5211,UAA,UNM
5212,UA,UNM
5213,UNP,UPS
5214,UNP,WHR
5215,UHS,VFC
5216,UNM,WELL
5217,VLO,WBA
5218,VRSK,WMT
5219,VZ,WMT
5220,VZ,WHR
5221,VIAC,WAB
5222,VIAC,WMB
5223,VTRS,XEL
5224,VMC,WY
5225,WRB,ZION
5226,WAB,DIS
5227,WAB,WYNN
5228,WAB,ZION
5229,WMT,ZTS
5230,WM,WRK
5231,WY,ZBH
5232,WMB,YUM
